Age,Job,MaritalStatus,Education,Default,Balance,Housing,Loan,Contact,Day,Month,Duration,Campaign,PDays,Previous,POutcome,Deposit
58,management,married,tertiary,no,2143,yes,no,unknown,5,may,261,1,-1,0,unknown,1
44,technician,single,secondary,no,29,yes,no,unknown,5,may,151,1,-1,0,unknown,1
33,entrepreneur,married,secondary,no,2,yes,yes,unknown,5,may,76,1,-1,0,unknown,1
47,blue-collar,married,unknown,no,1506,yes,no,unknown,5,may,92,1,-1,0,unknown,1
33,unknown,single,unknown,no,1,no,no,unknown,5,may,198,1,-1,0,unknown,1
35,management,married,tertiary,no,231,yes,no,unknown,5,may,139,1,-1,0,unknown,1
28,management,single,tertiary,no,447,yes,yes,unknown,5,may,217,1,-1,0,unknown,1
42,entrepreneur,divorced,tertiary,yes,2,yes,no,unknown,5,may,380,1,-1,0,unknown,1
58,retired,married,primary,no,121,yes,no,unknown,5,may,50,1,-1,0,unknown,1
43,technician,single,secondary,no,593,yes,no,unknown,5,may,55,1,-1,0,unknown,1
41,admin.,divorced,secondary,no,270,yes,no,unknown,5,may,222,1,-1,0,unknown,1
29,admin.,single,secondary,no,390,yes,no,unknown,5,may,137,1,-1,0,unknown,1
53,technician,married,secondary,no,6,yes,no,unknown,5,may,517,1,-1,0,unknown,1
58,technician,married,unknown,no,71,yes,no,unknown,5,may,71,1,-1,0,unknown,1
57,services,married,secondary,no,162,yes,no,unknown,5,may,174,1,-1,0,unknown,1
51,retired,married,primary,no,229,yes,no,unknown,5,may,353,1,-1,0,unknown,1
45,admin.,single,unknown,no,13,yes,no,unknown,5,may,98,1,-1,0,unknown,1
57,blue-collar,married,primary,no,52,yes,no,unknown,5,may,38,1,-1,0,unknown,1
60,retired,married,primary,no,60,yes,no,unknown,5,may,219,1,-1,0,unknown,1
33,services,married,secondary,no,0,yes,no,unknown,5,may,54,1,-1,0,unknown,1
28,blue-collar,married,secondary,no,723,yes,yes,unknown,5,may,262,1,-1,0,unknown,1
56,management,married,tertiary,no,779,yes,no,unknown,5,may,164,1,-1,0,unknown,1
32,blue-collar,single,primary,no,23,yes,yes,unknown,5,may,160,1,-1,0,unknown,1
25,services,married,secondary,no,50,yes,no,unknown,5,may,342,1,-1,0,unknown,1
40,retired,married,primary,no,0,yes,yes,unknown,5,may,181,1,-1,0,unknown,1
44,admin.,married,secondary,no,-372,yes,no,unknown,5,may,172,1,-1,0,unknown,1
39,management,single,tertiary,no,255,yes,no,unknown,5,may,296,1,-1,0,unknown,1
52,entrepreneur,married,secondary,no,113,yes,yes,unknown,5,may,127,1,-1,0,unknown,1
46,management,single,secondary,no,-246,yes,no,unknown,5,may,255,2,-1,0,unknown,1
36,technician,single,secondary,no,265,yes,yes,unknown,5,may,348,1,-1,0,unknown,1
57,technician,married,secondary,no,839,no,yes,unknown,5,may,225,1,-1,0,unknown,1
49,management,married,tertiary,no,378,yes,no,unknown,5,may,230,1,-1,0,unknown,1
60,admin.,married,secondary,no,39,yes,yes,unknown,5,may,208,1,-1,0,unknown,1
59,blue-collar,married,secondary,no,0,yes,no,unknown,5,may,226,1,-1,0,unknown,1
51,management,married,tertiary,no,10635,yes,no,unknown,5,may,336,1,-1,0,unknown,1
57,technician,divorced,secondary,no,63,yes,no,unknown,5,may,242,1,-1,0,unknown,1
25,blue-collar,married,secondary,no,-7,yes,no,unknown,5,may,365,1,-1,0,unknown,1
53,technician,married,secondary,no,-3,no,no,unknown,5,may,1666,1,-1,0,unknown,1
36,admin.,divorced,secondary,no,506,yes,no,unknown,5,may,577,1,-1,0,unknown,1
37,admin.,single,secondary,no,0,yes,no,unknown,5,may,137,1,-1,0,unknown,1
44,services,divorced,secondary,no,2586,yes,no,unknown,5,may,160,1,-1,0,unknown,1
50,management,married,secondary,no,49,yes,no,unknown,5,may,180,2,-1,0,unknown,1
60,blue-collar,married,unknown,no,104,yes,no,unknown,5,may,22,1,-1,0,unknown,1
54,retired,married,secondary,no,529,yes,no,unknown,5,may,1492,1,-1,0,unknown,1
58,retired,married,unknown,no,96,yes,no,unknown,5,may,616,1,-1,0,unknown,1
36,admin.,single,primary,no,-171,yes,no,unknown,5,may,242,1,-1,0,unknown,1
58,self-employed,married,tertiary,no,-364,yes,no,unknown,5,may,355,1,-1,0,unknown,1
44,technician,married,secondary,no,0,yes,no,unknown,5,may,225,2,-1,0,unknown,1
55,technician,divorced,secondary,no,0,no,no,unknown,5,may,160,1,-1,0,unknown,1
29,management,single,tertiary,no,0,yes,no,unknown,5,may,363,1,-1,0,unknown,1
54,blue-collar,married,secondary,no,1291,yes,no,unknown,5,may,266,1,-1,0,unknown,1
48,management,divorced,tertiary,no,-244,yes,no,unknown,5,may,253,1,-1,0,unknown,1
32,management,married,tertiary,no,0,yes,no,unknown,5,may,179,1,-1,0,unknown,1
42,admin.,single,secondary,no,-76,yes,no,unknown,5,may,787,1,-1,0,unknown,1
24,technician,single,secondary,no,-103,yes,yes,unknown,5,may,145,1,-1,0,unknown,1
38,entrepreneur,single,tertiary,no,243,no,yes,unknown,5,may,174,1,-1,0,unknown,1
38,management,single,tertiary,no,424,yes,no,unknown,5,may,104,1,-1,0,unknown,1
47,blue-collar,married,unknown,no,306,yes,no,unknown,5,may,13,1,-1,0,unknown,1
40,blue-collar,single,unknown,no,24,yes,no,unknown,5,may,185,1,-1,0,unknown,1
46,services,married,primary,no,179,yes,no,unknown,5,may,1778,1,-1,0,unknown,1
32,admin.,married,tertiary,no,0,yes,no,unknown,5,may,138,1,-1,0,unknown,1
53,technician,divorced,secondary,no,989,yes,no,unknown,5,may,812,1,-1,0,unknown,1
57,blue-collar,married,primary,no,249,yes,no,unknown,5,may,164,1,-1,0,unknown,1
33,services,married,secondary,no,790,yes,no,unknown,5,may,391,1,-1,0,unknown,1
49,blue-collar,married,unknown,no,154,yes,no,unknown,5,may,357,1,-1,0,unknown,1
51,management,married,tertiary,no,6530,yes,no,unknown,5,may,91,1,-1,0,unknown,1
60,retired,married,tertiary,no,100,no,no,unknown,5,may,528,1,-1,0,unknown,1
59,management,divorced,tertiary,no,59,yes,no,unknown,5,may,273,1,-1,0,unknown,1
55,technician,married,secondary,no,1205,yes,no,unknown,5,may,158,2,-1,0,unknown,1
35,blue-collar,single,secondary,no,12223,yes,yes,unknown,5,may,177,1,-1,0,unknown,1
57,blue-collar,married,secondary,no,5935,yes,yes,unknown,5,may,258,1,-1,0,unknown,1
31,services,married,secondary,no,25,yes,yes,unknown,5,may,172,1,-1,0,unknown,1
54,management,married,secondary,no,282,yes,yes,unknown,5,may,154,1,-1,0,unknown,1
55,blue-collar,married,primary,no,23,yes,no,unknown,5,may,291,1,-1,0,unknown,1
43,technician,married,secondary,no,1937,yes,no,unknown,5,may,181,1,-1,0,unknown,1
53,technician,married,secondary,no,384,yes,no,unknown,5,may,176,1,-1,0,unknown,1
44,blue-collar,married,secondary,no,582,no,yes,unknown,5,may,211,1,-1,0,unknown,1
55,services,divorced,secondary,no,91,no,no,unknown,5,may,349,1,-1,0,unknown,1
49,services,divorced,secondary,no,0,yes,yes,unknown,5,may,272,1,-1,0,unknown,1
55,services,divorced,secondary,yes,1,yes,no,unknown,5,may,208,1,-1,0,unknown,1
45,admin.,single,secondary,no,206,yes,no,unknown,5,may,193,1,-1,0,unknown,1
47,services,divorced,secondary,no,164,no,no,unknown,5,may,212,1,-1,0,unknown,1
42,technician,single,secondary,no,690,yes,no,unknown,5,may,20,1,-1,0,unknown,1
59,admin.,married,secondary,no,2343,yes,no,unknown,5,may,1042,1,-1,0,unknown,2
46,self-employed,married,tertiary,no,137,yes,yes,unknown,5,may,246,1,-1,0,unknown,1
51,blue-collar,married,primary,no,173,yes,no,unknown,5,may,529,2,-1,0,unknown,1
56,admin.,married,secondary,no,45,no,no,unknown,5,may,1467,1,-1,0,unknown,2
41,technician,married,secondary,no,1270,yes,no,unknown,5,may,1389,1,-1,0,unknown,2
46,management,divorced,secondary,no,16,yes,yes,unknown,5,may,188,2,-1,0,unknown,1
57,retired,married,secondary,no,486,yes,no,unknown,5,may,180,2,-1,0,unknown,1
42,management,single,secondary,no,50,no,no,unknown,5,may,48,1,-1,0,unknown,1
30,technician,married,secondary,no,152,yes,yes,unknown,5,may,213,2,-1,0,unknown,1
60,admin.,married,secondary,no,290,yes,no,unknown,5,may,583,1,-1,0,unknown,1
60,blue-collar,married,unknown,no,54,yes,no,unknown,5,may,221,1,-1,0,unknown,1
57,entrepreneur,divorced,secondary,no,-37,no,no,unknown,5,may,173,1,-1,0,unknown,1
36,management,married,tertiary,no,101,yes,yes,unknown,5,may,426,1,-1,0,unknown,1
55,blue-collar,married,secondary,no,383,no,no,unknown,5,may,287,1,-1,0,unknown,1
60,retired,married,tertiary,no,81,yes,no,unknown,5,may,101,1,-1,0,unknown,1
39,technician,married,secondary,no,0,yes,no,unknown,5,may,203,1,-1,0,unknown,1
46,management,married,tertiary,no,229,yes,no,unknown,5,may,197,1,-1,0,unknown,1
44,blue-collar,married,secondary,no,-674,yes,no,unknown,5,may,257,1,-1,0,unknown,1
53,blue-collar,married,primary,no,90,no,no,unknown,5,may,124,1,-1,0,unknown,1
52,blue-collar,married,primary,no,128,yes,no,unknown,5,may,229,1,-1,0,unknown,1
59,blue-collar,married,primary,no,179,yes,no,unknown,5,may,55,3,-1,0,unknown,1
27,technician,single,tertiary,no,0,yes,no,unknown,5,may,400,1,-1,0,unknown,1
44,blue-collar,married,secondary,no,54,yes,no,unknown,5,may,197,1,-1,0,unknown,1
47,technician,married,tertiary,no,151,yes,no,unknown,5,may,190,1,-1,0,unknown,1
34,admin.,married,secondary,no,61,no,yes,unknown,5,may,21,1,-1,0,unknown,1
59,retired,single,secondary,no,30,yes,no,unknown,5,may,514,1,-1,0,unknown,1
45,management,married,tertiary,no,523,yes,no,unknown,5,may,849,2,-1,0,unknown,1
29,services,divorced,secondary,no,31,yes,no,unknown,5,may,194,1,-1,0,unknown,1
46,technician,divorced,secondary,no,79,no,no,unknown,5,may,144,1,-1,0,unknown,1
56,self-employed,married,primary,no,-34,yes,yes,unknown,5,may,212,2,-1,0,unknown,1
36,blue-collar,married,primary,no,448,yes,no,unknown,5,may,286,1,-1,0,unknown,1
59,retired,divorced,primary,no,81,yes,no,unknown,5,may,107,1,-1,0,unknown,1
44,blue-collar,married,secondary,no,144,yes,no,unknown,5,may,247,2,-1,0,unknown,1
41,admin.,married,secondary,no,351,yes,no,unknown,5,may,518,1,-1,0,unknown,1
33,management,single,tertiary,no,-67,yes,no,unknown,5,may,364,1,-1,0,unknown,1
59,management,divorced,tertiary,no,262,no,no,unknown,5,may,178,1,-1,0,unknown,1
57,technician,married,primary,no,0,no,no,unknown,5,may,98,1,-1,0,unknown,1
56,technician,divorced,unknown,no,56,yes,no,unknown,5,may,439,1,-1,0,unknown,1
51,blue-collar,married,secondary,no,26,yes,no,unknown,5,may,79,1,-1,0,unknown,1
34,admin.,married,unknown,no,3,yes,no,unknown,5,may,120,3,-1,0,unknown,1
43,services,married,secondary,no,41,yes,yes,unknown,5,may,127,2,-1,0,unknown,1
52,technician,married,tertiary,no,7,no,yes,unknown,5,may,175,1,-1,0,unknown,1
33,technician,single,secondary,no,105,yes,no,unknown,5,may,262,2,-1,0,unknown,1
29,admin.,single,secondary,no,818,yes,yes,unknown,5,may,61,1,-1,0,unknown,1
34,services,married,secondary,no,-16,yes,yes,unknown,5,may,78,1,-1,0,unknown,1
31,blue-collar,married,secondary,no,0,yes,no,unknown,5,may,143,1,-1,0,unknown,1
55,services,married,secondary,no,2476,yes,no,unknown,5,may,579,1,-1,0,unknown,2
55,management,married,unknown,no,1185,no,no,unknown,5,may,677,1,-1,0,unknown,1
32,admin.,single,secondary,no,217,yes,no,unknown,5,may,345,1,-1,0,unknown,1
38,technician,single,secondary,no,1685,yes,no,unknown,5,may,185,1,-1,0,unknown,1
55,admin.,single,secondary,no,802,yes,yes,unknown,5,may,100,2,-1,0,unknown,1
28,unemployed,single,tertiary,no,0,yes,no,unknown,5,may,125,2,-1,0,unknown,1
23,blue-collar,married,secondary,no,94,yes,no,unknown,5,may,193,1,-1,0,unknown,1
32,technician,single,secondary,no,0,yes,no,unknown,5,may,136,1,-1,0,unknown,1
43,services,single,unknown,no,0,no,no,unknown,5,may,73,1,-1,0,unknown,1
32,blue-collar,married,secondary,no,517,yes,no,unknown,5,may,528,1,-1,0,unknown,1
46,blue-collar,married,secondary,no,265,yes,no,unknown,5,may,541,1,-1,0,unknown,1
53,housemaid,divorced,primary,no,947,yes,no,unknown,5,may,163,1,-1,0,unknown,1
34,self-employed,single,secondary,no,3,yes,no,unknown,5,may,301,1,-1,0,unknown,1
57,unemployed,married,tertiary,no,42,no,no,unknown,5,may,46,1,-1,0,unknown,1
37,blue-collar,married,secondary,no,37,yes,no,unknown,5,may,204,1,-1,0,unknown,1
59,blue-collar,married,secondary,no,57,yes,no,unknown,5,may,98,1,-1,0,unknown,1
33,services,married,secondary,no,22,yes,no,unknown,5,may,71,1,-1,0,unknown,1
56,blue-collar,divorced,primary,no,8,yes,no,unknown,5,may,157,2,-1,0,unknown,1
48,unemployed,married,secondary,no,293,yes,no,unknown,5,may,243,1,-1,0,unknown,1
43,services,married,primary,no,3,yes,no,unknown,5,may,186,2,-1,0,unknown,1
54,blue-collar,married,primary,no,348,yes,no,unknown,5,may,579,2,-1,0,unknown,1
51,blue-collar,married,unknown,no,-19,yes,no,unknown,5,may,163,2,-1,0,unknown,1
26,student,single,secondary,no,0,yes,no,unknown,5,may,610,2,-1,0,unknown,1
40,management,married,tertiary,no,-4,yes,no,unknown,5,may,2033,1,-1,0,unknown,1
39,management,married,secondary,no,18,yes,no,unknown,5,may,85,1,-1,0,unknown,1
50,technician,married,primary,no,139,no,no,unknown,5,may,114,2,-1,0,unknown,1
41,services,married,secondary,no,0,yes,no,unknown,5,may,114,2,-1,0,unknown,1
51,blue-collar,married,unknown,no,1883,yes,no,unknown,5,may,57,1,-1,0,unknown,1
60,retired,divorced,secondary,no,216,yes,no,unknown,5,may,238,1,-1,0,unknown,1
52,blue-collar,married,secondary,no,782,yes,no,unknown,5,may,93,3,-1,0,unknown,1
48,blue-collar,married,secondary,no,904,yes,no,unknown,5,may,128,2,-1,0,unknown,1
48,services,married,unknown,no,1705,yes,no,unknown,5,may,107,1,-1,0,unknown,1
39,technician,single,tertiary,no,47,yes,no,unknown,5,may,181,1,-1,0,unknown,1
47,services,single,secondary,no,176,yes,no,unknown,5,may,303,2,-1,0,unknown,1
40,blue-collar,married,secondary,no,1225,yes,no,unknown,5,may,558,5,-1,0,unknown,1
45,technician,married,secondary,no,86,yes,no,unknown,5,may,270,1,-1,0,unknown,1
26,admin.,single,secondary,no,82,yes,no,unknown,5,may,228,1,-1,0,unknown,1
52,management,married,tertiary,no,271,yes,no,unknown,5,may,99,1,-1,0,unknown,1
54,technician,married,secondary,no,1378,yes,no,unknown,5,may,240,1,-1,0,unknown,1
54,admin.,married,tertiary,no,184,no,no,unknown,5,may,673,2,-1,0,unknown,2
50,blue-collar,married,primary,no,0,no,no,unknown,5,may,233,3,-1,0,unknown,1
35,blue-collar,married,secondary,no,0,yes,no,unknown,5,may,1056,1,-1,0,unknown,1
44,services,married,secondary,no,1357,yes,yes,unknown,5,may,250,1,-1,0,unknown,1
53,entrepreneur,married,unknown,no,19,yes,no,unknown,5,may,252,1,-1,0,unknown,1
35,retired,single,primary,no,434,no,no,unknown,5,may,138,1,-1,0,unknown,1
60,admin.,divorced,secondary,no,92,yes,no,unknown,5,may,130,1,-1,0,unknown,1
53,admin.,divorced,secondary,no,1151,yes,no,unknown,5,may,412,1,-1,0,unknown,1
48,unemployed,married,secondary,no,41,yes,no,unknown,5,may,179,2,-1,0,unknown,1
34,technician,married,secondary,no,51,yes,no,unknown,5,may,19,2,-1,0,unknown,1
54,services,married,secondary,no,214,yes,no,unknown,5,may,458,2,-1,0,unknown,1
51,management,married,secondary,no,1161,yes,no,unknown,5,may,717,1,-1,0,unknown,1
31,services,married,tertiary,no,37,yes,no,unknown,5,may,313,1,-1,0,unknown,1
35,technician,divorced,secondary,no,787,yes,no,unknown,5,may,683,2,-1,0,unknown,1
35,services,married,secondary,no,59,yes,no,unknown,5,may,1077,1,-1,0,unknown,1
38,technician,married,secondary,no,253,yes,no,unknown,5,may,416,1,-1,0,unknown,1
36,admin.,married,tertiary,no,211,yes,no,unknown,5,may,146,2,-1,0,unknown,1
58,retired,married,primary,no,235,yes,no,unknown,5,may,167,1,-1,0,unknown,1
40,services,divorced,unknown,no,4384,yes,no,unknown,5,may,315,1,-1,0,unknown,1
54,management,married,secondary,no,4080,no,no,unknown,5,may,140,1,-1,0,unknown,1
34,blue-collar,single,secondary,no,53,yes,yes,unknown,5,may,346,1,-1,0,unknown,1
31,management,single,tertiary,no,0,yes,no,unknown,5,may,562,1,-1,0,unknown,1
51,retired,married,secondary,no,2127,yes,no,unknown,5,may,172,1,-1,0,unknown,1
33,management,married,tertiary,no,377,yes,no,unknown,5,may,217,1,-1,0,unknown,1
55,management,married,tertiary,no,73,yes,no,unknown,5,may,142,2,-1,0,unknown,1
42,admin.,married,secondary,no,445,yes,no,unknown,5,may,67,1,-1,0,unknown,1
34,blue-collar,married,secondary,no,243,yes,no,unknown,5,may,291,1,-1,0,unknown,1
33,blue-collar,single,secondary,no,307,yes,no,unknown,5,may,309,2,-1,0,unknown,1
38,services,married,secondary,no,155,yes,no,unknown,5,may,248,1,-1,0,unknown,1
50,technician,divorced,tertiary,no,173,no,yes,unknown,5,may,98,1,-1,0,unknown,1
43,management,married,tertiary,no,400,yes,no,unknown,5,may,256,1,-1,0,unknown,1
61,blue-collar,divorced,primary,no,1428,yes,no,unknown,5,may,82,2,-1,0,unknown,1
47,admin.,married,secondary,no,219,yes,no,unknown,5,may,577,1,-1,0,unknown,1
48,self-employed,married,tertiary,no,7,yes,no,unknown,5,may,286,1,-1,0,unknown,1
44,blue-collar,married,secondary,no,575,yes,no,unknown,5,may,477,1,-1,0,unknown,1
35,student,single,unknown,no,298,yes,no,unknown,5,may,611,2,-1,0,unknown,1
35,services,married,secondary,no,0,yes,no,unknown,5,may,471,1,-1,0,unknown,1
50,services,married,secondary,no,5699,yes,no,unknown,5,may,381,2,-1,0,unknown,1
41,management,married,tertiary,no,176,yes,yes,unknown,5,may,42,1,-1,0,unknown,1
41,management,married,tertiary,no,517,yes,no,unknown,5,may,251,1,-1,0,unknown,1
39,services,single,unknown,no,257,yes,no,unknown,5,may,408,1,-1,0,unknown,1
42,retired,married,secondary,no,56,yes,no,unknown,5,may,215,1,-1,0,unknown,1
38,blue-collar,married,secondary,no,-390,yes,no,unknown,5,may,287,1,-1,0,unknown,1
53,retired,married,secondary,no,330,yes,no,unknown,5,may,216,2,-1,0,unknown,1
59,housemaid,divorced,primary,no,195,no,no,unknown,5,may,366,2,-1,0,unknown,1
36,services,married,secondary,no,301,yes,no,unknown,5,may,210,1,-1,0,unknown,1
54,blue-collar,married,primary,no,-41,yes,no,unknown,5,may,288,1,-1,0,unknown,1
40,technician,married,tertiary,no,483,yes,no,unknown,5,may,168,1,-1,0,unknown,1
47,unknown,married,unknown,no,28,no,no,unknown,5,may,338,2,-1,0,unknown,1
53,unemployed,married,unknown,no,13,no,no,unknown,5,may,410,3,-1,0,unknown,1
46,housemaid,married,primary,no,965,no,no,unknown,5,may,177,1,-1,0,unknown,1
39,management,married,tertiary,no,378,yes,yes,unknown,5,may,127,2,-1,0,unknown,1
40,unemployed,married,secondary,no,219,yes,no,unknown,5,may,357,1,-1,0,unknown,1
28,blue-collar,married,primary,no,324,yes,no,unknown,5,may,175,1,-1,0,unknown,1
35,entrepreneur,divorced,secondary,no,-69,yes,no,unknown,5,may,300,1,-1,0,unknown,1
55,retired,married,secondary,no,0,no,yes,unknown,5,may,136,1,-1,0,unknown,1
43,technician,divorced,unknown,no,205,yes,no,unknown,5,may,1419,1,-1,0,unknown,1
48,blue-collar,married,primary,no,278,yes,no,unknown,5,may,125,2,-1,0,unknown,1
58,management,married,unknown,no,1065,yes,no,unknown,5,may,213,3,-1,0,unknown,1
33,management,single,tertiary,no,34,yes,no,unknown,5,may,27,1,-1,0,unknown,1
36,blue-collar,married,unknown,no,1033,no,no,unknown,5,may,238,2,-1,0,unknown,1
53,services,divorced,secondary,no,1467,yes,no,unknown,5,may,124,1,-1,0,unknown,1
47,blue-collar,married,primary,no,-12,yes,no,unknown,5,may,18,1,-1,0,unknown,1
31,services,married,secondary,no,388,yes,no,unknown,5,may,730,2,-1,0,unknown,1
57,entrepreneur,married,secondary,no,294,yes,no,unknown,5,may,746,2,-1,0,unknown,1
53,blue-collar,married,unknown,no,1827,no,no,unknown,5,may,121,1,-1,0,unknown,1
55,blue-collar,married,primary,no,627,yes,no,unknown,5,may,247,1,-1,0,unknown,1
45,blue-collar,married,primary,no,25,yes,no,unknown,5,may,40,1,-1,0,unknown,1
53,admin.,divorced,secondary,no,315,yes,no,unknown,5,may,181,2,-1,0,unknown,1
37,blue-collar,married,primary,no,0,yes,no,unknown,5,may,79,1,-1,0,unknown,1
44,admin.,divorced,secondary,no,66,yes,no,unknown,5,may,206,1,-1,0,unknown,1
49,blue-collar,divorced,primary,no,-9,yes,yes,unknown,5,may,389,1,-1,0,unknown,1
46,technician,married,secondary,no,349,yes,yes,unknown,5,may,127,1,-1,0,unknown,1
43,entrepreneur,married,unknown,no,100,yes,no,unknown,5,may,702,1,-1,0,unknown,1
38,admin.,married,secondary,no,0,no,no,unknown,5,may,151,1,-1,0,unknown,1
43,technician,married,secondary,no,434,yes,no,unknown,5,may,117,1,-1,0,unknown,1
49,management,married,tertiary,no,3237,yes,no,unknown,5,may,232,3,-1,0,unknown,1
42,management,married,unknown,no,275,no,no,unknown,5,may,408,2,-1,0,unknown,1
22,blue-collar,single,secondary,no,0,yes,no,unknown,5,may,179,2,-1,0,unknown,1
40,management,married,tertiary,no,207,yes,no,unknown,5,may,39,1,-1,0,unknown,1
39,blue-collar,married,secondary,no,483,yes,no,unknown,5,may,282,1,-1,0,unknown,1
51,services,married,secondary,no,2248,yes,no,unknown,5,may,714,2,-1,0,unknown,1
49,admin.,married,secondary,no,428,yes,no,unknown,5,may,50,1,-1,0,unknown,1
53,blue-collar,married,secondary,no,0,yes,yes,unknown,5,may,181,1,-1,0,unknown,1
34,services,single,secondary,no,0,yes,no,unknown,5,may,142,1,-1,0,unknown,1
33,technician,divorced,secondary,no,140,yes,no,unknown,5,may,227,1,-1,0,unknown,1
50,management,single,tertiary,no,297,yes,no,unknown,5,may,119,1,-1,0,unknown,1
39,blue-collar,married,primary,no,279,yes,no,unknown,5,may,361,1,-1,0,unknown,1
59,entrepreneur,divorced,secondary,no,901,yes,no,unknown,5,may,73,3,-1,0,unknown,1
30,technician,single,secondary,no,2573,yes,no,unknown,5,may,67,2,-1,0,unknown,1
36,services,married,secondary,no,143,yes,yes,unknown,5,may,350,1,-1,0,unknown,1
40,blue-collar,married,secondary,no,475,yes,no,unknown,5,may,332,2,-1,0,unknown,1
53,blue-collar,married,secondary,no,70,yes,no,unknown,5,may,611,2,-1,0,unknown,1
34,management,single,tertiary,no,318,yes,no,unknown,5,may,113,2,-1,0,unknown,1
37,technician,married,secondary,no,275,yes,no,unknown,5,may,132,1,-1,0,unknown,1
42,management,divorced,tertiary,no,742,yes,no,unknown,5,may,58,3,-1,0,unknown,1
41,entrepreneur,married,primary,no,236,yes,no,unknown,5,may,151,1,-1,0,unknown,1
30,student,single,tertiary,no,25,yes,no,unknown,5,may,89,2,-1,0,unknown,1
37,management,single,tertiary,no,600,yes,no,unknown,5,may,152,1,-1,0,unknown,1
39,admin.,divorced,secondary,no,-349,yes,no,unknown,5,may,611,2,-1,0,unknown,1
41,blue-collar,married,primary,no,183,yes,yes,unknown,5,may,110,2,-1,0,unknown,1
40,blue-collar,married,primary,no,0,yes,no,unknown,5,may,463,1,-1,0,unknown,1
42,management,single,tertiary,no,0,yes,yes,unknown,5,may,562,2,-1,0,unknown,2
40,blue-collar,divorced,primary,no,0,yes,no,unknown,5,may,962,1,-1,0,unknown,1
57,technician,married,secondary,no,1078,yes,no,unknown,5,may,10,4,-1,0,unknown,1
56,entrepreneur,divorced,secondary,no,155,no,no,unknown,5,may,118,3,-1,0,unknown,1
37,admin.,married,secondary,no,190,yes,no,unknown,5,may,92,2,-1,0,unknown,1
59,retired,married,secondary,no,319,yes,no,unknown,5,may,143,3,-1,0,unknown,1
39,services,divorced,secondary,no,-185,yes,no,unknown,5,may,189,3,-1,0,unknown,1
49,services,married,secondary,no,47,no,no,unknown,5,may,234,2,-1,0,unknown,1
38,services,single,secondary,no,570,yes,no,unknown,5,may,75,2,-1,0,unknown,1
36,self-employed,married,tertiary,no,19,no,no,unknown,5,may,189,2,-1,0,unknown,1
50,blue-collar,married,primary,no,61,yes,no,unknown,5,may,621,3,-1,0,unknown,1
41,admin.,married,secondary,no,-62,yes,yes,unknown,5,may,55,2,-1,0,unknown,1
54,technician,married,tertiary,no,258,no,no,unknown,5,may,310,4,-1,0,unknown,1
58,blue-collar,married,primary,no,76,yes,no,unknown,5,may,156,2,-1,0,unknown,1
30,blue-collar,single,secondary,no,0,yes,no,unknown,5,may,5,2,-1,0,unknown,1
33,admin.,single,secondary,no,352,yes,no,unknown,5,may,225,2,-1,0,unknown,1
47,admin.,married,secondary,no,368,yes,no,unknown,5,may,125,2,-1,0,unknown,1
50,technician,single,tertiary,no,339,yes,no,unknown,5,may,2,3,-1,0,unknown,1
32,blue-collar,married,secondary,no,1331,yes,no,unknown,5,may,286,2,-1,0,unknown,1
40,self-employed,married,secondary,no,672,yes,no,unknown,5,may,164,2,-1,0,unknown,1
37,management,married,tertiary,no,58,yes,no,unknown,5,may,98,2,-1,0,unknown,1
54,technician,single,unknown,no,447,yes,no,unknown,5,may,742,2,-1,0,unknown,1
24,student,single,secondary,no,423,yes,no,unknown,5,may,226,3,-1,0,unknown,1
54,management,married,tertiary,no,0,no,no,unknown,5,may,120,2,-1,0,unknown,1
34,technician,married,secondary,no,19,yes,no,unknown,5,may,362,4,-1,0,unknown,1
56,technician,divorced,primary,no,13,yes,no,unknown,5,may,357,2,-1,0,unknown,1
31,blue-collar,single,secondary,no,3,yes,no,unknown,5,may,200,2,-1,0,unknown,1
24,student,single,secondary,no,82,yes,no,unknown,5,may,204,2,-1,0,unknown,1
42,blue-collar,divorced,primary,no,28,yes,no,unknown,5,may,126,3,-1,0,unknown,1
57,technician,married,secondary,no,792,yes,no,unknown,5,may,65,2,-1,0,unknown,1
42,blue-collar,married,unknown,no,408,yes,no,unknown,5,may,107,2,-1,0,unknown,1
51,admin.,married,secondary,no,531,yes,no,unknown,5,may,267,2,-1,0,unknown,1
57,retired,married,secondary,no,211,yes,no,unknown,5,may,248,2,-1,0,unknown,1
36,services,single,secondary,no,62,yes,no,unknown,5,may,215,2,-1,0,unknown,1
53,services,married,unknown,no,257,yes,no,unknown,5,may,209,2,-1,0,unknown,1
50,technician,married,secondary,no,1234,yes,no,unknown,5,may,205,2,-1,0,unknown,1
54,management,married,tertiary,no,313,yes,no,unknown,5,may,83,2,-1,0,unknown,1
55,blue-collar,married,secondary,no,89,yes,no,unknown,5,may,106,3,-1,0,unknown,1
44,blue-collar,married,secondary,no,129,yes,yes,unknown,5,may,189,2,-1,0,unknown,1
43,management,married,unknown,no,0,yes,no,unknown,5,may,105,2,-1,0,unknown,1
56,admin.,married,secondary,no,353,yes,no,unknown,5,may,106,2,-1,0,unknown,1
54,technician,married,unknown,no,851,yes,no,unknown,5,may,108,2,-1,0,unknown,1
55,services,divorced,primary,no,96,yes,yes,unknown,5,may,311,2,-1,0,unknown,1
37,services,divorced,secondary,no,398,yes,yes,unknown,5,may,214,2,-1,0,unknown,1
33,admin.,single,tertiary,no,193,no,no,unknown,5,may,132,2,-1,0,unknown,1
46,admin.,married,secondary,no,-358,yes,no,unknown,5,may,358,2,-1,0,unknown,1
36,blue-collar,married,secondary,no,539,yes,yes,unknown,5,may,453,2,-1,0,unknown,1
51,technician,single,secondary,no,0,yes,no,unknown,5,may,364,2,-1,0,unknown,1
40,retired,single,primary,no,0,no,no,unknown,5,may,136,2,-1,0,unknown,1
42,blue-collar,married,secondary,no,490,yes,no,unknown,5,may,386,2,-1,0,unknown,1
51,blue-collar,married,secondary,no,0,yes,no,unknown,5,may,173,2,-1,0,unknown,1
49,blue-collar,married,unknown,no,403,yes,no,unknown,5,may,241,2,-1,0,unknown,1
48,management,married,secondary,no,161,yes,no,unknown,5,may,224,3,-1,0,unknown,1
32,technician,divorced,tertiary,no,2558,no,no,unknown,5,may,148,2,-1,0,unknown,1
31,admin.,single,secondary,no,98,yes,no,unknown,5,may,196,2,-1,0,unknown,1
55,management,single,tertiary,no,115,no,no,unknown,5,may,111,4,-1,0,unknown,1
40,blue-collar,single,secondary,no,436,yes,no,unknown,5,may,231,3,-1,0,unknown,1
47,technician,married,tertiary,no,831,yes,no,unknown,5,may,316,3,-1,0,unknown,1
57,technician,married,unknown,no,206,yes,no,unknown,5,may,216,3,-1,0,unknown,1
41,blue-collar,married,secondary,no,290,yes,no,unknown,5,may,240,2,-1,0,unknown,1
48,blue-collar,married,secondary,no,1,no,no,unknown,5,may,669,3,-1,0,unknown,1
42,blue-collar,married,unknown,no,57,yes,no,unknown,5,may,425,2,-1,0,unknown,1
30,blue-collar,single,secondary,no,-457,yes,no,unknown,5,may,143,2,-1,0,unknown,1
58,management,single,tertiary,no,1387,yes,no,unknown,5,may,174,5,-1,0,unknown,1
45,management,divorced,tertiary,no,24598,yes,no,unknown,5,may,313,3,-1,0,unknown,1
49,blue-collar,married,secondary,no,30,yes,no,unknown,5,may,135,4,-1,0,unknown,1
42,admin.,single,secondary,no,1022,yes,no,unknown,5,may,146,2,-1,0,unknown,1
53,technician,married,secondary,no,56,yes,yes,unknown,5,may,152,2,-1,0,unknown,1
51,admin.,single,secondary,yes,-2,no,no,unknown,5,may,402,3,-1,0,unknown,1
32,services,single,secondary,no,121,yes,no,unknown,5,may,213,2,-1,0,unknown,1
41,blue-collar,single,secondary,no,842,yes,no,unknown,5,may,144,3,-1,0,unknown,1
43,management,divorced,secondary,no,693,yes,no,unknown,5,may,124,3,-1,0,unknown,1
40,blue-collar,divorced,secondary,no,-333,yes,no,unknown,5,may,183,2,-1,0,unknown,1
50,blue-collar,married,primary,no,1533,yes,no,unknown,5,may,325,2,-1,0,unknown,1
34,management,married,tertiary,no,46,yes,no,unknown,5,may,39,4,-1,0,unknown,1
53,services,married,unknown,no,18,no,no,unknown,5,may,503,2,-1,0,unknown,1
45,technician,married,secondary,no,44,yes,no,unknown,5,may,95,4,-1,0,unknown,1
39,blue-collar,married,primary,no,-100,yes,no,unknown,5,may,680,2,-1,0,unknown,1
44,services,married,tertiary,no,510,yes,no,unknown,5,may,421,4,-1,0,unknown,1
55,management,married,tertiary,no,685,yes,no,unknown,5,may,174,3,-1,0,unknown,1
46,management,single,tertiary,no,187,yes,no,unknown,5,may,113,2,-1,0,unknown,1
45,blue-collar,married,secondary,no,66,yes,no,unknown,5,may,808,2,-1,0,unknown,1
34,admin.,married,secondary,no,560,yes,no,unknown,5,may,198,3,-1,0,unknown,1
36,blue-collar,married,secondary,no,0,yes,no,unknown,5,may,195,2,-1,0,unknown,1
59,unknown,divorced,unknown,no,27,no,no,unknown,5,may,347,3,-1,0,unknown,1
31,admin.,single,secondary,no,12,yes,no,unknown,5,may,208,2,-1,0,unknown,1
44,blue-collar,single,secondary,no,34,yes,no,unknown,5,may,404,4,-1,0,unknown,1
33,entrepreneur,single,tertiary,no,1068,yes,no,unknown,5,may,396,2,-1,0,unknown,1
40,blue-collar,married,secondary,no,211,yes,no,unknown,5,may,216,4,-1,0,unknown,1
46,admin.,single,tertiary,no,377,yes,no,unknown,5,may,98,2,-1,0,unknown,1
48,management,married,tertiary,no,263,yes,no,unknown,5,may,350,2,-1,0,unknown,1
42,services,married,secondary,no,1263,yes,no,unknown,6,may,114,2,-1,0,unknown,1
27,services,married,secondary,no,8,yes,no,unknown,6,may,88,3,-1,0,unknown,1
48,admin.,married,secondary,no,126,yes,yes,unknown,6,may,379,2,-1,0,unknown,1
59,admin.,married,secondary,no,230,yes,no,unknown,6,may,190,3,-1,0,unknown,1
46,technician,married,tertiary,no,841,yes,no,unknown,6,may,158,1,-1,0,unknown,1
38,admin.,divorced,secondary,no,308,yes,no,unknown,6,may,102,1,-1,0,unknown,1
43,management,divorced,tertiary,no,1,yes,no,unknown,6,may,306,1,-1,0,unknown,1
38,admin.,divorced,tertiary,no,86,yes,no,unknown,6,may,218,1,-1,0,unknown,1
23,student,single,secondary,no,157,yes,no,unknown,6,may,54,1,-1,0,unknown,1
34,services,married,secondary,no,22,yes,no,unknown,6,may,344,1,-1,0,unknown,1
38,admin.,married,secondary,no,46,yes,yes,unknown,6,may,195,1,-1,0,unknown,1
37,blue-collar,married,secondary,no,1293,no,no,unknown,6,may,652,1,-1,0,unknown,1
25,admin.,single,secondary,no,122,yes,no,unknown,6,may,286,1,-1,0,unknown,1
48,blue-collar,married,unknown,no,131,yes,no,unknown,6,may,189,1,-1,0,unknown,1
49,blue-collar,single,secondary,no,143,yes,no,unknown,6,may,83,1,-1,0,unknown,1
38,admin.,single,secondary,no,393,no,no,unknown,6,may,184,2,-1,0,unknown,1
43,blue-collar,married,primary,no,98,yes,no,unknown,6,may,235,1,-1,0,unknown,1
33,management,married,tertiary,no,0,yes,no,unknown,6,may,290,1,-1,0,unknown,1
55,blue-collar,married,secondary,no,224,yes,no,unknown,6,may,232,1,-1,0,unknown,1
38,blue-collar,married,secondary,no,757,yes,no,unknown,6,may,133,1,-1,0,unknown,1
49,services,married,secondary,no,245,yes,yes,unknown,6,may,318,1,-1,0,unknown,1
40,management,married,secondary,no,8486,no,no,unknown,6,may,260,3,-1,0,unknown,1
43,admin.,married,unknown,no,350,no,no,unknown,6,may,437,1,-1,0,unknown,1
38,blue-collar,married,secondary,no,20,yes,no,unknown,6,may,402,1,-1,0,unknown,1
58,services,married,secondary,no,1667,yes,yes,unknown,6,may,85,1,-1,0,unknown,1
57,technician,married,unknown,no,345,yes,no,unknown,6,may,125,1,-1,0,unknown,1
32,unemployed,married,secondary,no,10,yes,no,unknown,6,may,501,4,-1,0,unknown,1
56,management,married,tertiary,no,830,yes,yes,unknown,6,may,1201,1,-1,0,unknown,2
58,blue-collar,divorced,unknown,no,29,yes,no,unknown,6,may,253,1,-1,0,unknown,1
60,retired,divorced,secondary,no,545,yes,no,unknown,6,may,1030,1,-1,0,unknown,2
37,technician,married,tertiary,no,8730,yes,no,unknown,6,may,149,1,-1,0,unknown,1
46,technician,divorced,tertiary,no,477,yes,no,unknown,6,may,114,1,-1,0,unknown,1
27,admin.,married,secondary,no,4,yes,no,unknown,6,may,243,1,-1,0,unknown,1
43,blue-collar,married,secondary,no,1205,yes,no,unknown,6,may,769,2,-1,0,unknown,1
32,technician,single,secondary,no,0,yes,yes,unknown,6,may,135,3,-1,0,unknown,1
40,admin.,single,secondary,no,263,yes,no,unknown,6,may,231,1,-1,0,unknown,1
38,admin.,married,secondary,no,1,no,no,unknown,6,may,76,1,-1,0,unknown,1
34,blue-collar,married,secondary,no,283,no,yes,unknown,6,may,199,1,-1,0,unknown,1
47,blue-collar,married,primary,no,206,yes,no,unknown,6,may,152,1,-1,0,unknown,1
42,housemaid,married,primary,no,17,yes,no,unknown,6,may,124,1,-1,0,unknown,1
48,technician,married,secondary,no,141,yes,yes,unknown,6,may,424,1,-1,0,unknown,1
29,self-employed,single,tertiary,no,16,yes,no,unknown,6,may,43,1,-1,0,unknown,1
50,services,married,secondary,no,206,yes,no,unknown,6,may,154,1,-1,0,unknown,1
52,technician,married,unknown,no,7,no,no,unknown,6,may,203,2,-1,0,unknown,1
50,management,married,tertiary,no,0,no,no,unknown,6,may,326,1,-1,0,unknown,1
58,retired,married,tertiary,no,0,no,no,unknown,6,may,393,1,-1,0,unknown,1
46,blue-collar,divorced,primary,no,1927,yes,no,unknown,6,may,241,3,-1,0,unknown,1
38,technician,married,secondary,no,284,yes,no,unknown,6,may,483,1,-1,0,unknown,1
46,blue-collar,married,secondary,no,1660,yes,no,unknown,6,may,259,1,-1,0,unknown,1
32,services,single,secondary,no,406,yes,no,unknown,6,may,227,1,-1,0,unknown,1
51,blue-collar,married,primary,no,230,yes,no,unknown,6,may,673,1,-1,0,unknown,1
39,admin.,single,secondary,no,-25,yes,no,unknown,6,may,576,1,-1,0,unknown,1
48,admin.,married,secondary,no,182,yes,no,unknown,6,may,180,2,-1,0,unknown,1
36,entrepreneur,married,tertiary,no,1169,yes,no,unknown,6,may,168,2,-1,0,unknown,1
34,admin.,divorced,secondary,no,67,yes,no,unknown,6,may,90,1,-1,0,unknown,1
40,technician,married,secondary,no,77,no,no,unknown,6,may,505,1,-1,0,unknown,1
43,unemployed,married,secondary,no,0,yes,no,unknown,6,may,245,1,-1,0,unknown,1
52,blue-collar,divorced,primary,no,55,yes,yes,unknown,6,may,186,1,-1,0,unknown,1
33,technician,married,secondary,yes,72,yes,no,unknown,6,may,623,1,-1,0,unknown,1
49,management,single,tertiary,no,163,yes,no,unknown,6,may,496,3,-1,0,unknown,1
32,management,single,tertiary,no,151,yes,no,unknown,6,may,118,1,-1,0,unknown,1
39,admin.,single,secondary,no,113,yes,no,unknown,6,may,342,1,-1,0,unknown,1
40,blue-collar,married,secondary,no,0,yes,no,unknown,6,may,225,1,-1,0,unknown,1
38,technician,single,tertiary,no,9,yes,no,unknown,6,may,185,3,-1,0,unknown,1
43,management,married,secondary,no,375,yes,no,unknown,6,may,196,2,-1,0,unknown,1
39,services,married,secondary,no,1142,yes,no,unknown,6,may,276,1,-1,0,unknown,1
54,blue-collar,married,primary,no,2102,yes,no,unknown,6,may,76,1,-1,0,unknown,1
38,technician,single,tertiary,no,4325,yes,no,unknown,6,may,87,1,-1,0,unknown,1
40,blue-collar,married,secondary,no,217,yes,no,unknown,6,may,195,1,-1,0,unknown,1
55,admin.,married,secondary,no,131,yes,no,unknown,6,may,744,1,-1,0,unknown,1
42,management,married,tertiary,no,1680,yes,no,unknown,6,may,765,1,-1,0,unknown,1
39,blue-collar,married,secondary,no,0,yes,no,unknown,6,may,262,1,-1,0,unknown,1
40,blue-collar,married,primary,no,46,yes,no,unknown,6,may,119,1,-1,0,unknown,1
32,blue-collar,married,secondary,no,320,yes,no,unknown,6,may,198,2,-1,0,unknown,1
55,admin.,married,secondary,no,183,yes,no,unknown,6,may,150,1,-1,0,unknown,1
45,blue-collar,married,secondary,no,39,no,no,unknown,6,may,241,1,-1,0,unknown,1
35,management,single,tertiary,no,560,yes,no,unknown,6,may,181,1,-1,0,unknown,1
58,technician,divorced,secondary,no,469,no,no,unknown,6,may,196,1,-1,0,unknown,1
35,admin.,married,secondary,no,530,yes,no,unknown,6,may,149,1,-1,0,unknown,1
49,services,married,primary,no,61,yes,no,unknown,6,may,246,1,-1,0,unknown,1
34,technician,single,tertiary,no,242,yes,no,unknown,6,may,112,1,-1,0,unknown,1
36,blue-collar,married,secondary,no,139,yes,no,unknown,6,may,309,2,-1,0,unknown,1
24,self-employed,single,secondary,no,0,yes,no,unknown,6,may,278,1,-1,0,unknown,1
34,technician,married,secondary,no,367,yes,no,unknown,6,may,140,1,-1,0,unknown,1
51,admin.,divorced,secondary,no,228,yes,no,unknown,6,may,136,1,-1,0,unknown,1
39,technician,single,unknown,no,45248,yes,no,unknown,6,may,1623,1,-1,0,unknown,2
50,self-employed,married,unknown,no,-84,yes,no,unknown,6,may,101,1,-1,0,unknown,1
32,services,single,secondary,no,310,yes,no,unknown,6,may,144,1,-1,0,unknown,1
42,blue-collar,married,unknown,no,132,yes,no,unknown,6,may,238,1,-1,0,unknown,1
50,technician,married,secondary,no,797,yes,no,unknown,6,may,354,1,-1,0,unknown,1
40,services,married,secondary,no,71,no,no,unknown,6,may,79,1,-1,0,unknown,1
46,management,divorced,unknown,no,2,yes,no,unknown,6,may,187,1,-1,0,unknown,1
37,management,married,tertiary,no,231,yes,yes,unknown,6,may,451,2,-1,0,unknown,1
34,blue-collar,married,secondary,no,270,yes,yes,unknown,6,may,159,1,-1,0,unknown,1
44,blue-collar,married,secondary,no,274,yes,yes,unknown,6,may,409,1,-1,0,unknown,1
40,admin.,single,secondary,no,-109,yes,yes,unknown,6,may,170,1,-1,0,unknown,1
37,technician,married,secondary,no,1,yes,no,unknown,6,may,608,1,-1,0,unknown,2
33,blue-collar,single,secondary,yes,-60,no,no,unknown,6,may,243,1,-1,0,unknown,1
35,blue-collar,married,secondary,no,89,yes,no,unknown,6,may,145,2,-1,0,unknown,1
58,blue-collar,divorced,secondary,no,-11,no,no,unknown,6,may,112,1,-1,0,unknown,1
39,blue-collar,married,primary,no,0,yes,no,unknown,6,may,262,2,-1,0,unknown,1
43,blue-collar,married,secondary,no,-509,yes,no,unknown,6,may,124,1,-1,0,unknown,1
39,unemployed,married,primary,no,408,yes,no,unknown,6,may,53,1,-1,0,unknown,1
36,services,single,primary,no,58,yes,no,unknown,6,may,134,1,-1,0,unknown,1
57,retired,single,secondary,no,1640,no,yes,unknown,6,may,204,4,-1,0,unknown,1
36,admin.,single,secondary,no,20,yes,no,unknown,6,may,186,1,-1,0,unknown,1
50,blue-collar,married,primary,no,71,yes,no,unknown,6,may,678,1,-1,0,unknown,1
55,blue-collar,married,secondary,no,52,yes,no,unknown,6,may,182,1,-1,0,unknown,1
44,self-employed,married,tertiary,no,292,yes,no,unknown,6,may,162,1,-1,0,unknown,1
44,services,divorced,secondary,no,424,yes,no,unknown,6,may,27,1,-1,0,unknown,1
39,housemaid,single,primary,no,109,yes,no,unknown,6,may,699,3,-1,0,unknown,1
46,blue-collar,married,unknown,no,1044,yes,no,unknown,6,may,43,1,-1,0,unknown,1
39,blue-collar,married,secondary,no,983,yes,no,unknown,6,may,97,1,-1,0,unknown,1
34,admin.,married,secondary,no,869,no,no,unknown,6,may,1677,1,-1,0,unknown,2
40,blue-collar,married,primary,no,668,yes,no,unknown,6,may,283,2,-1,0,unknown,1
50,management,married,tertiary,no,964,yes,no,unknown,6,may,323,1,-1,0,unknown,1
31,management,single,secondary,no,301,yes,no,unknown,6,may,82,1,-1,0,unknown,1
37,admin.,single,secondary,no,140,yes,no,unknown,6,may,310,1,-1,0,unknown,1
39,management,single,secondary,no,1877,yes,no,unknown,6,may,185,1,-1,0,unknown,1
51,blue-collar,married,primary,no,1127,yes,no,unknown,6,may,47,1,-1,0,unknown,1
41,technician,married,secondary,no,871,yes,no,unknown,6,may,145,1,-1,0,unknown,1
41,technician,married,secondary,no,767,yes,yes,unknown,6,may,204,1,-1,0,unknown,1
43,blue-collar,married,secondary,no,0,no,no,unknown,6,may,187,1,-1,0,unknown,1
30,services,single,secondary,no,209,yes,no,unknown,6,may,30,2,-1,0,unknown,1
54,management,divorced,primary,no,0,no,no,unknown,6,may,472,1,-1,0,unknown,1
43,blue-collar,divorced,secondary,no,110,yes,yes,unknown,6,may,448,1,-1,0,unknown,1
59,management,divorced,tertiary,no,-76,yes,yes,unknown,6,may,264,1,-1,0,unknown,1
47,technician,married,unknown,no,178,yes,no,unknown,6,may,169,1,-1,0,unknown,1
40,blue-collar,married,primary,no,-66,yes,no,unknown,6,may,288,1,-1,0,unknown,1
32,technician,married,secondary,no,0,yes,no,unknown,6,may,176,2,-1,0,unknown,1
29,blue-collar,married,secondary,no,1,yes,no,unknown,6,may,215,1,-1,0,unknown,1
36,blue-collar,married,secondary,no,0,yes,no,unknown,6,may,337,1,-1,0,unknown,1
55,unemployed,married,tertiary,no,5345,no,no,unknown,6,may,278,1,-1,0,unknown,1
30,blue-collar,divorced,secondary,no,-209,yes,no,unknown,6,may,188,2,-1,0,unknown,1
39,admin.,single,secondary,no,0,yes,no,unknown,6,may,174,2,-1,0,unknown,1
39,blue-collar,divorced,secondary,no,42,yes,no,unknown,6,may,226,2,-1,0,unknown,1
50,blue-collar,divorced,secondary,no,41,yes,no,unknown,6,may,190,1,-1,0,unknown,1
44,blue-collar,married,secondary,no,-99,yes,no,unknown,6,may,111,2,-1,0,unknown,1
37,technician,single,secondary,no,17,yes,no,unknown,6,may,164,1,-1,0,unknown,1
46,admin.,married,primary,no,276,yes,yes,unknown,6,may,157,2,-1,0,unknown,1
32,technician,single,unknown,no,-170,no,no,unknown,6,may,46,1,-1,0,unknown,1
37,management,single,tertiary,no,230,yes,yes,unknown,6,may,374,1,-1,0,unknown,1
29,blue-collar,married,secondary,no,9,yes,no,unknown,6,may,349,1,-1,0,unknown,1
41,blue-collar,married,secondary,no,946,yes,no,unknown,6,may,325,1,-1,0,unknown,1
45,blue-collar,married,primary,no,1297,yes,no,unknown,6,may,233,2,-1,0,unknown,1
57,retired,divorced,secondary,no,-331,yes,no,unknown,6,may,531,1,-1,0,unknown,1
48,blue-collar,single,secondary,no,44,yes,no,unknown,6,may,153,1,-1,0,unknown,1
60,retired,married,secondary,yes,15,no,no,unknown,6,may,80,1,-1,0,unknown,1
26,admin.,single,secondary,no,712,yes,no,unknown,6,may,232,1,-1,0,unknown,1
58,retired,married,secondary,no,5435,yes,no,unknown,6,may,118,1,-1,0,unknown,1
34,admin.,married,secondary,no,507,yes,no,unknown,6,may,190,1,-1,0,unknown,1
55,unemployed,divorced,secondary,no,387,yes,no,unknown,6,may,918,1,-1,0,unknown,2
41,blue-collar,married,primary,no,0,yes,yes,unknown,6,may,238,1,-1,0,unknown,1
50,management,divorced,secondary,no,1716,yes,no,unknown,6,may,82,1,-1,0,unknown,1
49,entrepreneur,married,secondary,no,167,yes,yes,unknown,6,may,198,3,-1,0,unknown,1
44,admin.,married,unknown,no,40,no,yes,unknown,6,may,160,2,-1,0,unknown,1
44,blue-collar,married,primary,no,148,yes,no,unknown,6,may,211,1,-1,0,unknown,1
31,technician,married,secondary,no,17,yes,yes,unknown,6,may,120,1,-1,0,unknown,1
34,blue-collar,single,tertiary,no,1011,yes,no,unknown,6,may,136,1,-1,0,unknown,1
46,management,single,unknown,no,1527,yes,no,unknown,6,may,269,1,-1,0,unknown,1
42,management,married,tertiary,no,744,no,no,unknown,6,may,157,1,-1,0,unknown,1
52,admin.,married,secondary,no,484,yes,no,unknown,6,may,128,1,-1,0,unknown,1
29,management,single,tertiary,no,0,yes,no,unknown,6,may,211,1,-1,0,unknown,1
53,retired,married,primary,no,136,yes,no,unknown,6,may,267,2,-1,0,unknown,1
43,blue-collar,married,secondary,no,1335,yes,no,unknown,6,may,371,2,-1,0,unknown,1
38,management,married,secondary,no,517,yes,no,unknown,6,may,288,2,-1,0,unknown,1
46,management,married,tertiary,no,459,yes,no,unknown,6,may,221,1,-1,0,unknown,1
48,management,divorced,unknown,no,549,yes,no,unknown,6,may,427,1,-1,0,unknown,1
30,admin.,divorced,secondary,no,83,yes,yes,unknown,6,may,310,1,-1,0,unknown,1
44,blue-collar,married,primary,no,213,no,no,unknown,6,may,158,1,-1,0,unknown,1
31,housemaid,married,primary,no,203,yes,no,unknown,6,may,604,3,-1,0,unknown,1
42,services,single,secondary,no,518,yes,no,unknown,6,may,198,1,-1,0,unknown,1
40,management,single,tertiary,no,3877,yes,no,unknown,6,may,145,1,-1,0,unknown,1
52,admin.,married,secondary,no,1236,yes,no,unknown,6,may,247,1,-1,0,unknown,1
45,blue-collar,divorced,secondary,no,756,yes,no,unknown,6,may,179,2,-1,0,unknown,1
48,blue-collar,married,secondary,no,157,yes,no,unknown,6,may,73,1,-1,0,unknown,1
45,blue-collar,married,primary,no,-66,yes,no,unknown,6,may,263,2,-1,0,unknown,1
34,blue-collar,married,unknown,no,245,yes,no,unknown,6,may,13,1,-1,0,unknown,1
34,blue-collar,married,primary,no,-144,yes,no,unknown,6,may,79,2,-1,0,unknown,1
46,blue-collar,married,secondary,no,71,yes,no,unknown,6,may,416,1,-1,0,unknown,1
49,services,divorced,secondary,no,505,yes,no,unknown,6,may,162,1,-1,0,unknown,1
50,technician,married,primary,no,249,yes,no,unknown,6,may,129,1,-1,0,unknown,1
34,admin.,single,secondary,no,0,yes,no,unknown,6,may,150,1,-1,0,unknown,1
40,unemployed,single,secondary,no,11,yes,no,unknown,6,may,43,1,-1,0,unknown,1
36,admin.,married,secondary,no,639,yes,no,unknown,6,may,191,1,-1,0,unknown,1
59,blue-collar,divorced,unknown,no,124,yes,no,unknown,6,may,26,1,-1,0,unknown,1
45,blue-collar,married,secondary,no,82,yes,no,unknown,6,may,250,1,-1,0,unknown,1
36,self-employed,married,tertiary,no,107,yes,no,unknown,6,may,146,1,-1,0,unknown,1
56,services,married,secondary,no,473,yes,no,unknown,6,may,416,1,-1,0,unknown,1
42,services,divorced,secondary,no,372,yes,yes,unknown,6,may,121,2,-1,0,unknown,1
30,admin.,married,secondary,no,46,yes,no,unknown,6,may,114,2,-1,0,unknown,1
30,student,single,tertiary,no,34,yes,no,unknown,6,may,289,1,-1,0,unknown,1
47,self-employed,married,unknown,no,935,yes,no,unknown,6,may,225,1,-1,0,unknown,1
33,blue-collar,married,secondary,no,-10,yes,no,unknown,6,may,123,1,-1,0,unknown,1
36,admin.,married,secondary,no,-106,yes,no,unknown,6,may,130,2,-1,0,unknown,1
39,services,divorced,primary,no,471,yes,no,unknown,6,may,161,2,-1,0,unknown,1
56,admin.,divorced,secondary,no,778,yes,no,unknown,6,may,149,2,-1,0,unknown,1
39,blue-collar,divorced,unknown,no,170,yes,no,unknown,6,may,268,2,-1,0,unknown,1
42,technician,married,secondary,no,315,yes,no,unknown,6,may,259,2,-1,0,unknown,1
52,blue-collar,married,secondary,no,3165,no,no,unknown,6,may,26,1,-1,0,unknown,1
36,admin.,divorced,secondary,no,131,yes,no,unknown,6,may,153,1,-1,0,unknown,1
35,entrepreneur,married,secondary,yes,204,yes,no,unknown,6,may,424,2,-1,0,unknown,1
47,technician,married,secondary,no,83,yes,no,unknown,6,may,179,2,-1,0,unknown,1
59,services,divorced,secondary,no,0,yes,yes,unknown,6,may,97,1,-1,0,unknown,1
57,blue-collar,married,primary,no,5431,yes,yes,unknown,6,may,383,1,-1,0,unknown,1
38,management,married,unknown,no,1759,yes,no,unknown,6,may,440,1,-1,0,unknown,1
46,unemployed,married,secondary,no,-125,yes,no,unknown,6,may,23,1,-1,0,unknown,1
34,blue-collar,married,secondary,no,0,no,no,unknown,6,may,195,1,-1,0,unknown,1
28,services,single,secondary,no,5090,yes,no,unknown,6,may,1297,3,-1,0,unknown,2
38,technician,married,unknown,no,573,yes,no,unknown,6,may,87,1,-1,0,unknown,1
56,blue-collar,married,secondary,no,1602,yes,no,unknown,6,may,427,1,-1,0,unknown,1
41,blue-collar,single,primary,yes,-137,yes,yes,unknown,6,may,189,1,-1,0,unknown,1
52,technician,married,unknown,no,0,no,no,unknown,6,may,195,1,-1,0,unknown,1
54,services,married,secondary,no,193,no,no,unknown,6,may,179,1,-1,0,unknown,1
61,retired,married,secondary,no,195,yes,yes,unknown,6,may,179,1,-1,0,unknown,1
53,entrepreneur,married,secondary,no,288,no,no,unknown,6,may,69,1,-1,0,unknown,1
47,technician,married,secondary,no,19,yes,no,unknown,6,may,105,2,-1,0,unknown,1
53,blue-collar,married,primary,no,25,yes,no,unknown,6,may,266,3,-1,0,unknown,1
46,services,married,secondary,no,216,yes,no,unknown,6,may,524,2,-1,0,unknown,1
39,blue-collar,divorced,primary,no,190,yes,yes,unknown,6,may,96,2,-1,0,unknown,1
56,technician,divorced,secondary,no,99,yes,no,unknown,6,may,155,2,-1,0,unknown,1
55,services,divorced,primary,no,2298,yes,no,unknown,6,may,162,2,-1,0,unknown,1
44,management,married,tertiary,no,17,yes,no,unknown,6,may,352,2,-1,0,unknown,1
37,technician,married,primary,no,0,yes,no,unknown,6,may,76,4,-1,0,unknown,1
35,blue-collar,married,primary,no,0,yes,no,unknown,6,may,154,2,-1,0,unknown,1
55,blue-collar,married,secondary,no,840,yes,no,unknown,6,may,310,2,-1,0,unknown,1
37,services,married,secondary,no,358,yes,no,unknown,6,may,390,3,-1,0,unknown,1
30,technician,single,secondary,no,0,yes,no,unknown,6,may,369,1,-1,0,unknown,1
37,blue-collar,married,primary,no,-325,yes,yes,unknown,6,may,112,2,-1,0,unknown,1
36,technician,single,secondary,no,-15,yes,no,unknown,6,may,341,3,-1,0,unknown,1
38,technician,married,secondary,no,581,yes,no,unknown,6,may,79,1,-1,0,unknown,1
41,admin.,divorced,primary,no,4070,yes,no,unknown,6,may,140,2,-1,0,unknown,1
48,retired,married,secondary,no,74,no,yes,unknown,6,may,315,1,-1,0,unknown,1
55,services,divorced,secondary,no,141,yes,no,unknown,6,may,262,2,-1,0,unknown,1
28,services,divorced,secondary,no,89,no,no,unknown,6,may,174,2,-1,0,unknown,1
54,services,married,secondary,yes,0,yes,no,unknown,6,may,138,3,-1,0,unknown,1
30,blue-collar,married,secondary,no,450,no,no,unknown,6,may,526,2,-1,0,unknown,1
48,technician,married,tertiary,no,310,no,no,unknown,6,may,135,1,-1,0,unknown,1
31,self-employed,married,secondary,no,0,yes,no,unknown,6,may,36,5,-1,0,unknown,1
38,blue-collar,married,secondary,no,384,yes,no,unknown,6,may,1906,3,-1,0,unknown,1
37,blue-collar,married,secondary,no,395,yes,no,unknown,6,may,219,2,-1,0,unknown,1
37,services,single,unknown,no,-118,yes,no,unknown,6,may,147,2,-1,0,unknown,1
56,blue-collar,married,primary,no,5,yes,yes,unknown,6,may,407,2,-1,0,unknown,1
51,blue-collar,married,secondary,no,50,yes,yes,unknown,6,may,121,1,-1,0,unknown,1
39,blue-collar,married,secondary,no,285,yes,yes,unknown,6,may,209,1,-1,0,unknown,1
49,technician,married,unknown,no,15,no,no,unknown,6,may,92,2,-1,0,unknown,1
51,blue-collar,married,primary,no,653,yes,yes,unknown,6,may,208,1,-1,0,unknown,1
43,self-employed,married,secondary,no,918,yes,no,unknown,6,may,193,1,-1,0,unknown,1
32,services,married,secondary,no,243,yes,yes,unknown,6,may,144,1,-1,0,unknown,1
29,technician,single,tertiary,no,405,yes,no,unknown,6,may,65,1,-1,0,unknown,1
48,management,divorced,tertiary,no,1328,yes,no,unknown,6,may,339,1,-1,0,unknown,1
55,services,married,primary,no,255,yes,no,unknown,6,may,285,1,-1,0,unknown,1
53,blue-collar,married,secondary,no,3397,yes,no,unknown,6,may,231,1,-1,0,unknown,1
47,technician,married,unknown,no,2106,yes,no,unknown,6,may,168,1,-1,0,unknown,1
39,management,married,tertiary,no,2877,yes,no,unknown,6,may,278,1,-1,0,unknown,1
31,blue-collar,single,tertiary,no,60,yes,yes,unknown,6,may,389,1,-1,0,unknown,1
39,blue-collar,married,primary,no,2226,yes,no,unknown,6,may,158,1,-1,0,unknown,1
40,blue-collar,married,primary,no,2880,yes,no,unknown,6,may,145,2,-1,0,unknown,1
40,technician,single,unknown,no,-5,yes,no,unknown,6,may,78,2,-1,0,unknown,1
48,technician,married,secondary,no,147,no,no,unknown,6,may,142,3,-1,0,unknown,1
33,technician,divorced,secondary,no,7,yes,yes,unknown,6,may,87,1,-1,0,unknown,1
40,technician,married,secondary,no,109,yes,no,unknown,6,may,147,2,-1,0,unknown,1
59,retired,married,primary,no,-119,yes,no,unknown,6,may,289,1,-1,0,unknown,1
30,technician,married,secondary,no,484,yes,no,unknown,6,may,703,1,-1,0,unknown,2
31,management,single,tertiary,no,1852,yes,no,unknown,6,may,170,3,-1,0,unknown,1
35,unemployed,married,secondary,no,533,yes,no,unknown,6,may,802,1,-1,0,unknown,1
54,technician,divorced,secondary,no,21,yes,no,unknown,6,may,381,2,-1,0,unknown,1
34,admin.,single,unknown,no,2434,yes,no,unknown,6,may,218,4,-1,0,unknown,1
32,technician,married,secondary,no,90,yes,yes,unknown,6,may,57,2,-1,0,unknown,1
56,admin.,divorced,unknown,no,4246,yes,no,unknown,6,may,304,2,-1,0,unknown,1
32,admin.,single,tertiary,no,395,yes,no,unknown,6,may,241,3,-1,0,unknown,1
42,blue-collar,married,primary,no,15,yes,no,unknown,6,may,230,1,-1,0,unknown,1
33,services,married,tertiary,no,85,no,no,unknown,6,may,262,3,-1,0,unknown,1
52,entrepreneur,married,tertiary,no,-184,yes,yes,unknown,6,may,392,2,-1,0,unknown,1
52,services,married,secondary,no,660,no,no,unknown,6,may,201,2,-1,0,unknown,1
52,blue-collar,divorced,primary,yes,-183,yes,no,unknown,6,may,145,1,-1,0,unknown,1
30,unemployed,divorced,secondary,no,1144,yes,no,unknown,6,may,252,1,-1,0,unknown,1
44,services,divorced,secondary,no,1,yes,no,unknown,6,may,235,4,-1,0,unknown,1
35,admin.,married,secondary,no,69,yes,yes,unknown,6,may,235,2,-1,0,unknown,1
55,management,single,secondary,no,220,yes,no,unknown,6,may,328,2,-1,0,unknown,1
33,blue-collar,married,primary,no,332,yes,no,unknown,6,may,116,2,-1,0,unknown,1
37,blue-collar,single,secondary,no,240,yes,no,unknown,6,may,246,1,-1,0,unknown,1
42,technician,single,secondary,no,0,yes,no,unknown,6,may,293,1,-1,0,unknown,1
43,unemployed,married,secondary,no,0,yes,no,unknown,6,may,37,2,-1,0,unknown,1
38,entrepreneur,married,tertiary,no,898,yes,no,unknown,6,may,132,2,-1,0,unknown,1
37,technician,married,secondary,no,123,yes,yes,unknown,6,may,530,2,-1,0,unknown,1
31,student,single,secondary,no,252,yes,no,unknown,6,may,175,3,-1,0,unknown,1
41,management,married,tertiary,no,65,yes,no,unknown,6,may,524,2,-1,0,unknown,1
41,technician,married,secondary,no,-366,yes,yes,unknown,6,may,29,3,-1,0,unknown,1
29,student,single,secondary,no,209,yes,no,unknown,6,may,311,2,-1,0,unknown,1
38,admin.,single,secondary,no,221,yes,no,unknown,6,may,211,2,-1,0,unknown,1
44,self-employed,divorced,tertiary,no,4,yes,no,unknown,6,may,312,3,-1,0,unknown,1
39,admin.,married,secondary,no,104,yes,no,unknown,6,may,412,1,-1,0,unknown,1
28,technician,single,secondary,no,312,yes,no,unknown,6,may,392,1,-1,0,unknown,1
33,blue-collar,married,secondary,no,-349,yes,no,unknown,6,may,191,1,-1,0,unknown,1
41,services,married,unknown,no,4,no,no,unknown,6,may,284,2,-1,0,unknown,1
40,blue-collar,married,primary,no,-322,yes,yes,unknown,6,may,144,1,-1,0,unknown,1
29,admin.,married,secondary,no,-150,yes,no,unknown,6,may,328,1,-1,0,unknown,1
38,management,married,unknown,no,1349,yes,no,unknown,6,may,100,1,-1,0,unknown,1
32,admin.,married,tertiary,no,281,yes,no,unknown,6,may,226,1,-1,0,unknown,1
45,services,married,secondary,no,1259,yes,no,unknown,6,may,507,1,-1,0,unknown,1
33,admin.,single,secondary,no,101,yes,no,unknown,6,may,392,1,-1,0,unknown,1
34,blue-collar,married,secondary,no,848,yes,no,unknown,6,may,684,2,-1,0,unknown,1
41,entrepreneur,married,unknown,no,89,yes,no,unknown,6,may,333,2,-1,0,unknown,1
41,blue-collar,married,secondary,no,140,yes,no,unknown,6,may,311,3,-1,0,unknown,1
35,admin.,single,secondary,no,148,yes,no,unknown,6,may,128,2,-1,0,unknown,1
40,technician,single,secondary,no,200,yes,no,unknown,6,may,322,2,-1,0,unknown,1
60,self-employed,married,primary,no,46,yes,no,unknown,6,may,202,4,-1,0,unknown,1
47,services,divorced,secondary,no,201,yes,no,unknown,6,may,92,2,-1,0,unknown,1
46,blue-collar,married,primary,no,530,yes,no,unknown,6,may,739,3,-1,0,unknown,1
31,blue-collar,single,secondary,no,0,yes,no,unknown,6,may,273,2,-1,0,unknown,1
49,self-employed,married,secondary,no,1,yes,no,unknown,6,may,260,3,-1,0,unknown,1
29,blue-collar,married,secondary,no,43,yes,no,unknown,6,may,268,2,-1,0,unknown,1
31,management,single,tertiary,no,-173,yes,no,unknown,6,may,396,2,-1,0,unknown,1
38,management,married,tertiary,no,389,yes,no,unknown,6,may,262,1,-1,0,unknown,1
37,blue-collar,married,primary,no,215,yes,yes,unknown,6,may,308,3,-1,0,unknown,1
35,technician,married,secondary,no,-131,yes,no,unknown,6,may,467,2,-1,0,unknown,1
31,management,single,secondary,no,783,yes,no,unknown,6,may,320,1,-1,0,unknown,1
41,admin.,married,secondary,no,0,yes,no,unknown,6,may,160,3,-1,0,unknown,1
46,services,married,unknown,no,80,yes,no,unknown,6,may,245,2,-1,0,unknown,1
40,services,divorced,secondary,no,105,yes,no,unknown,6,may,189,2,-1,0,unknown,1
29,admin.,married,secondary,no,182,yes,yes,unknown,6,may,477,1,-1,0,unknown,1
49,admin.,married,secondary,no,82,yes,no,unknown,6,may,310,1,-1,0,unknown,1
42,management,married,tertiary,no,0,yes,no,unknown,6,may,65,3,-1,0,unknown,1
54,services,married,secondary,no,510,yes,no,unknown,6,may,196,2,-1,0,unknown,1
40,management,single,tertiary,no,242,yes,no,unknown,6,may,221,2,-1,0,unknown,1
53,admin.,married,secondary,no,244,yes,yes,unknown,6,may,197,2,-1,0,unknown,1
49,management,married,tertiary,no,92,yes,no,unknown,6,may,221,2,-1,0,unknown,1
40,blue-collar,married,primary,yes,0,yes,no,unknown,6,may,64,2,-1,0,unknown,1
29,student,single,secondary,no,948,yes,no,unknown,6,may,75,2,-1,0,unknown,1
36,blue-collar,married,primary,no,23,yes,no,unknown,6,may,400,2,-1,0,unknown,1
37,technician,married,secondary,no,710,yes,no,unknown,6,may,378,3,-1,0,unknown,1
39,services,married,secondary,no,1205,yes,no,unknown,6,may,118,2,-1,0,unknown,1
36,technician,married,secondary,no,368,yes,yes,unknown,6,may,1597,2,-1,0,unknown,2
44,entrepreneur,married,tertiary,no,1631,yes,no,unknown,6,may,346,2,-1,0,unknown,1
40,admin.,married,secondary,no,6,yes,no,unknown,6,may,60,3,-1,0,unknown,1
49,blue-collar,married,secondary,no,26,yes,no,unknown,6,may,276,2,-1,0,unknown,1
30,technician,single,unknown,no,-48,yes,no,unknown,6,may,152,2,-1,0,unknown,1
57,management,married,tertiary,no,2142,yes,no,unknown,6,may,251,3,-1,0,unknown,1
24,services,single,secondary,no,77,yes,yes,unknown,6,may,390,2,-1,0,unknown,1
46,blue-collar,married,unknown,no,401,yes,no,unknown,6,may,306,2,-1,0,unknown,1
33,admin.,married,secondary,no,21,no,no,unknown,6,may,189,3,-1,0,unknown,1
43,services,divorced,secondary,no,0,yes,no,unknown,6,may,125,2,-1,0,unknown,1
43,admin.,single,secondary,no,-497,yes,no,unknown,6,may,234,2,-1,0,unknown,1
40,blue-collar,divorced,primary,no,369,no,no,unknown,6,may,79,2,-1,0,unknown,1
44,technician,single,unknown,no,78,yes,no,unknown,6,may,13,6,-1,0,unknown,1
35,technician,single,tertiary,no,226,yes,yes,unknown,6,may,283,3,-1,0,unknown,1
47,technician,married,secondary,no,503,yes,no,unknown,6,may,109,2,-1,0,unknown,1
33,blue-collar,married,secondary,no,372,yes,no,unknown,6,may,132,2,-1,0,unknown,1
31,admin.,married,secondary,no,0,yes,yes,unknown,6,may,144,2,-1,0,unknown,1
40,blue-collar,divorced,secondary,no,0,yes,no,unknown,6,may,121,2,-1,0,unknown,1
36,entrepreneur,married,tertiary,no,125,yes,no,unknown,6,may,95,3,-1,0,unknown,1
56,retired,divorced,primary,no,4,yes,no,unknown,6,may,31,3,-1,0,unknown,1
40,admin.,single,unknown,no,419,yes,no,unknown,6,may,112,3,-1,0,unknown,1
41,admin.,divorced,secondary,no,322,yes,no,unknown,6,may,87,4,-1,0,unknown,1
53,retired,married,secondary,no,303,yes,no,unknown,6,may,593,2,-1,0,unknown,1
39,blue-collar,married,secondary,no,607,yes,no,unknown,6,may,99,2,-1,0,unknown,1
44,blue-collar,divorced,secondary,no,579,yes,no,unknown,6,may,198,2,-1,0,unknown,1
38,admin.,married,secondary,no,3047,yes,no,unknown,6,may,285,2,-1,0,unknown,1
54,technician,divorced,secondary,no,83,yes,no,unknown,6,may,190,3,-1,0,unknown,1
58,management,married,tertiary,no,68,yes,no,unknown,6,may,172,5,-1,0,unknown,1
52,blue-collar,married,primary,no,58,yes,no,unknown,6,may,213,3,-1,0,unknown,1
28,admin.,single,secondary,no,251,yes,no,unknown,6,may,178,2,-1,0,unknown,1
36,blue-collar,married,secondary,no,688,yes,no,unknown,6,may,174,2,-1,0,unknown,1
60,retired,married,primary,no,364,yes,no,unknown,6,may,631,2,-1,0,unknown,1
42,services,divorced,secondary,no,55,yes,no,unknown,6,may,176,5,-1,0,unknown,1
42,admin.,married,secondary,no,101,yes,no,unknown,6,may,32,3,-1,0,unknown,1
44,management,married,tertiary,no,105,yes,no,unknown,6,may,1529,2,-1,0,unknown,1
51,blue-collar,divorced,primary,no,325,yes,no,unknown,6,may,254,2,-1,0,unknown,1
49,blue-collar,married,primary,no,198,yes,no,unknown,6,may,200,2,-1,0,unknown,1
47,entrepreneur,married,unknown,no,209,yes,no,unknown,6,may,135,2,-1,0,unknown,1
37,blue-collar,married,secondary,no,183,yes,no,unknown,6,may,112,4,-1,0,unknown,1
34,management,married,tertiary,no,105,yes,no,unknown,6,may,314,3,-1,0,unknown,1
35,services,married,secondary,no,109,yes,no,unknown,6,may,597,3,-1,0,unknown,1
35,blue-collar,single,secondary,no,376,yes,yes,unknown,6,may,207,3,-1,0,unknown,1
40,blue-collar,married,primary,no,-7,yes,no,unknown,6,may,410,2,-1,0,unknown,1
55,technician,married,secondary,no,0,no,no,unknown,6,may,160,3,-1,0,unknown,1
55,retired,married,secondary,no,143,yes,no,unknown,6,may,42,3,-1,0,unknown,1
35,management,single,tertiary,no,550,yes,no,unknown,6,may,55,2,-1,0,unknown,1
57,blue-collar,married,primary,no,162,yes,no,unknown,6,may,155,2,-1,0,unknown,1
53,management,married,tertiary,no,115,yes,no,unknown,6,may,336,3,-1,0,unknown,1
41,blue-collar,married,primary,no,512,yes,no,unknown,6,may,233,2,-1,0,unknown,1
57,blue-collar,married,unknown,no,807,yes,no,unknown,6,may,211,2,-1,0,unknown,1
45,blue-collar,married,unknown,no,248,yes,no,unknown,6,may,88,5,-1,0,unknown,1
43,blue-collar,married,primary,no,1211,yes,no,unknown,6,may,208,3,-1,0,unknown,1
56,self-employed,married,unknown,no,7,no,no,unknown,6,may,305,2,-1,0,unknown,1
31,entrepreneur,married,tertiary,no,281,yes,no,unknown,6,may,206,2,-1,0,unknown,1
37,blue-collar,single,secondary,no,88,yes,no,unknown,6,may,128,2,-1,0,unknown,1
30,management,married,tertiary,no,32,yes,no,unknown,6,may,122,3,-1,0,unknown,1
30,admin.,single,secondary,no,115,yes,no,unknown,6,may,66,3,-1,0,unknown,1
54,blue-collar,married,secondary,no,254,yes,no,unknown,6,may,66,2,-1,0,unknown,1
36,management,married,tertiary,no,144,yes,no,unknown,6,may,164,2,-1,0,unknown,1
55,unemployed,married,tertiary,no,383,no,no,unknown,6,may,343,3,-1,0,unknown,1
37,admin.,single,secondary,no,569,yes,yes,unknown,6,may,126,2,-1,0,unknown,1
38,housemaid,married,secondary,no,0,yes,no,unknown,6,may,59,3,-1,0,unknown,1
48,admin.,married,secondary,no,3754,yes,no,unknown,6,may,249,3,-1,0,unknown,1
55,housemaid,divorced,tertiary,no,6920,yes,no,unknown,6,may,406,3,-1,0,unknown,1
59,services,married,secondary,no,307,yes,yes,unknown,6,may,250,7,-1,0,unknown,1
37,technician,married,secondary,no,-421,yes,no,unknown,6,may,183,5,-1,0,unknown,1
33,blue-collar,divorced,secondary,no,60,no,no,unknown,6,may,190,3,-1,0,unknown,1
44,blue-collar,married,primary,no,67,yes,no,unknown,6,may,220,2,-1,0,unknown,1
57,technician,married,secondary,no,402,yes,no,unknown,6,may,153,3,-1,0,unknown,1
30,self-employed,single,tertiary,no,800,no,no,unknown,6,may,95,2,-1,0,unknown,1
42,technician,married,tertiary,no,239,yes,yes,unknown,6,may,191,3,-1,0,unknown,1
51,blue-collar,divorced,secondary,no,421,yes,no,unknown,6,may,216,2,-1,0,unknown,1
44,admin.,divorced,secondary,no,161,yes,no,unknown,7,may,89,2,-1,0,unknown,1
46,technician,married,secondary,yes,289,no,no,unknown,7,may,51,3,-1,0,unknown,1
29,student,single,secondary,no,110,yes,no,unknown,7,may,169,3,-1,0,unknown,1
39,blue-collar,married,primary,no,245,yes,no,unknown,7,may,148,3,-1,0,unknown,1
42,services,married,secondary,no,0,yes,no,unknown,7,may,132,3,-1,0,unknown,1
50,blue-collar,married,primary,no,156,yes,no,unknown,7,may,117,3,-1,0,unknown,1
42,technician,single,secondary,no,0,yes,no,unknown,7,may,275,4,-1,0,unknown,1
39,admin.,married,secondary,no,20,yes,no,unknown,7,may,124,2,-1,0,unknown,1
55,technician,single,tertiary,no,92,yes,no,unknown,7,may,118,3,-1,0,unknown,1
46,services,married,secondary,no,89,yes,no,unknown,7,may,479,2,-1,0,unknown,1
42,blue-collar,married,secondary,no,166,yes,no,unknown,7,may,285,3,-1,0,unknown,1
45,management,married,tertiary,no,103,yes,no,unknown,7,may,35,4,-1,0,unknown,1
43,blue-collar,married,primary,no,-454,yes,no,unknown,7,may,322,2,-1,0,unknown,1
42,admin.,married,secondary,no,445,yes,no,unknown,7,may,202,2,-1,0,unknown,1
30,admin.,married,secondary,no,4,no,no,unknown,7,may,172,8,-1,0,unknown,1
47,blue-collar,married,secondary,no,1001,yes,no,unknown,7,may,201,4,-1,0,unknown,1
51,services,divorced,secondary,no,-69,yes,no,unknown,7,may,216,3,-1,0,unknown,1
38,technician,single,secondary,no,42,yes,no,unknown,7,may,195,2,-1,0,unknown,1
57,technician,married,unknown,no,1617,yes,no,unknown,7,may,96,2,-1,0,unknown,1
42,management,divorced,tertiary,no,221,yes,no,unknown,7,may,720,2,-1,0,unknown,1
32,technician,divorced,secondary,no,210,yes,yes,unknown,7,may,188,2,-1,0,unknown,1
46,management,married,tertiary,no,0,no,no,unknown,7,may,70,2,-1,0,unknown,1
29,student,single,tertiary,no,185,yes,no,unknown,7,may,141,3,-1,0,unknown,1
59,retired,married,secondary,no,836,yes,no,unknown,7,may,106,1,-1,0,unknown,1
32,blue-collar,single,secondary,no,301,yes,no,unknown,7,may,395,2,-1,0,unknown,1
44,blue-collar,married,primary,no,503,yes,no,unknown,7,may,629,2,-1,0,unknown,1
40,retired,married,primary,no,407,yes,no,unknown,7,may,502,1,-1,0,unknown,1
31,blue-collar,single,secondary,no,53,yes,no,unknown,7,may,446,1,-1,0,unknown,1
46,self-employed,married,tertiary,no,2303,yes,no,unknown,7,may,241,1,-1,0,unknown,1
43,management,married,tertiary,no,144,yes,no,unknown,7,may,131,3,-1,0,unknown,1
34,services,married,secondary,no,205,yes,no,unknown,7,may,312,1,-1,0,unknown,1
39,management,married,tertiary,no,305,yes,no,unknown,7,may,275,6,-1,0,unknown,1
30,blue-collar,divorced,secondary,no,251,yes,yes,unknown,7,may,120,2,-1,0,unknown,1
56,retired,married,secondary,no,0,yes,no,unknown,7,may,333,4,-1,0,unknown,1
29,technician,married,secondary,no,8,no,no,unknown,7,may,113,1,-1,0,unknown,1
40,blue-collar,divorced,secondary,no,139,yes,no,unknown,7,may,91,1,-1,0,unknown,1
36,services,married,secondary,no,184,yes,no,unknown,7,may,128,3,-1,0,unknown,1
37,blue-collar,single,secondary,no,238,yes,no,unknown,7,may,200,2,-1,0,unknown,1
35,admin.,married,secondary,no,0,no,no,unknown,7,may,326,1,-1,0,unknown,1
35,blue-collar,married,primary,yes,0,yes,no,unknown,7,may,292,1,-1,0,unknown,1
47,services,married,primary,no,222,yes,no,unknown,7,may,68,1,-1,0,unknown,1
31,services,married,secondary,no,414,yes,no,unknown,7,may,215,1,-1,0,unknown,1
56,retired,single,primary,no,223,yes,no,unknown,7,may,97,1,-1,0,unknown,1
57,technician,married,secondary,no,197,no,no,unknown,7,may,32,1,-1,0,unknown,1
36,blue-collar,married,secondary,no,-251,yes,no,unknown,7,may,162,1,-1,0,unknown,1
45,self-employed,divorced,secondary,no,-139,yes,no,unknown,7,may,152,3,-1,0,unknown,1
47,blue-collar,married,unknown,no,733,yes,no,unknown,7,may,268,1,-1,0,unknown,1
29,technician,single,tertiary,no,0,yes,no,unknown,7,may,104,2,-1,0,unknown,1
57,services,married,secondary,no,1,no,no,unknown,7,may,852,1,-1,0,unknown,1
45,blue-collar,married,primary,no,97,yes,no,unknown,7,may,923,3,-1,0,unknown,1
31,blue-collar,single,primary,no,435,yes,no,unknown,7,may,159,2,-1,0,unknown,1
31,management,divorced,tertiary,no,0,yes,no,unknown,7,may,953,3,-1,0,unknown,1
37,technician,single,tertiary,no,147,no,no,unknown,7,may,416,2,-1,0,unknown,1
30,technician,single,tertiary,no,3,yes,no,unknown,7,may,174,1,-1,0,unknown,1
58,services,divorced,secondary,no,1109,yes,yes,unknown,7,may,180,1,-1,0,unknown,1
33,services,married,secondary,no,404,yes,no,unknown,7,may,139,1,-1,0,unknown,1
39,blue-collar,married,primary,no,981,yes,no,unknown,7,may,294,1,-1,0,unknown,1
33,blue-collar,single,primary,no,95,yes,no,unknown,7,may,102,1,-1,0,unknown,1
34,services,married,secondary,no,302,yes,no,unknown,7,may,124,1,-1,0,unknown,1
36,services,divorced,secondary,no,-290,yes,yes,unknown,7,may,128,1,-1,0,unknown,1
37,services,single,secondary,no,259,yes,no,unknown,7,may,130,1,-1,0,unknown,1
35,blue-collar,married,secondary,no,527,yes,yes,unknown,7,may,143,1,-1,0,unknown,1
55,retired,married,secondary,no,102,yes,no,unknown,7,may,74,1,-1,0,unknown,1
34,management,single,tertiary,no,872,yes,no,unknown,7,may,105,2,-1,0,unknown,1
40,management,divorced,tertiary,no,490,yes,no,unknown,7,may,477,2,-1,0,unknown,1
42,blue-collar,single,primary,no,19,yes,no,unknown,7,may,158,1,-1,0,unknown,1
37,blue-collar,married,secondary,no,16,yes,no,unknown,7,may,250,1,-1,0,unknown,1
42,management,married,tertiary,no,386,yes,no,unknown,7,may,168,1,-1,0,unknown,1
35,technician,single,secondary,no,539,yes,no,unknown,7,may,520,1,-1,0,unknown,1
44,technician,divorced,secondary,no,-329,yes,no,unknown,7,may,171,1,-1,0,unknown,1
30,services,single,secondary,no,-174,yes,no,unknown,7,may,113,1,-1,0,unknown,1
45,entrepreneur,married,secondary,no,68,yes,no,unknown,7,may,254,1,-1,0,unknown,1
35,blue-collar,single,unknown,yes,-532,yes,no,unknown,7,may,149,1,-1,0,unknown,1
36,admin.,divorced,secondary,no,0,yes,no,unknown,7,may,133,2,-1,0,unknown,1
49,blue-collar,married,secondary,no,64,yes,no,unknown,7,may,293,3,-1,0,unknown,1
31,blue-collar,single,secondary,no,1415,yes,no,unknown,7,may,485,1,-1,0,unknown,1
31,technician,single,secondary,no,147,yes,no,unknown,7,may,374,1,-1,0,unknown,1
39,blue-collar,married,secondary,no,72,yes,no,unknown,7,may,425,6,-1,0,unknown,1
37,services,single,secondary,no,-196,yes,no,unknown,7,may,207,1,-1,0,unknown,1
33,blue-collar,married,primary,no,716,yes,no,unknown,7,may,83,3,-1,0,unknown,1
37,management,married,tertiary,no,0,yes,no,unknown,7,may,228,1,-1,0,unknown,1
42,services,married,secondary,no,-246,yes,no,unknown,7,may,149,1,-1,0,unknown,1
56,blue-collar,married,secondary,no,-203,yes,no,unknown,7,may,139,1,-1,0,unknown,1
37,admin.,single,secondary,no,245,yes,yes,unknown,7,may,732,2,-1,0,unknown,2
36,services,single,secondary,no,342,yes,no,unknown,7,may,142,1,-1,0,unknown,1
29,technician,single,tertiary,no,3,yes,no,unknown,7,may,359,1,-1,0,unknown,1
54,management,married,tertiary,yes,-248,yes,yes,unknown,7,may,112,1,-1,0,unknown,1
38,blue-collar,married,secondary,no,376,yes,no,unknown,7,may,1521,1,-1,0,unknown,1
43,blue-collar,divorced,secondary,no,370,yes,no,unknown,7,may,216,1,-1,0,unknown,1
47,admin.,single,secondary,no,594,yes,no,unknown,7,may,161,1,-1,0,unknown,1
47,blue-collar,married,secondary,no,387,yes,no,unknown,7,may,122,2,-1,0,unknown,1
38,services,married,secondary,no,208,yes,no,unknown,7,may,800,1,-1,0,unknown,1
40,blue-collar,married,secondary,no,563,yes,no,unknown,7,may,615,1,-1,0,unknown,1
33,services,divorced,secondary,no,392,yes,yes,unknown,7,may,254,1,-1,0,unknown,1
33,retired,married,secondary,no,165,no,no,unknown,7,may,111,1,-1,0,unknown,1
53,admin.,divorced,unknown,no,236,yes,no,unknown,7,may,354,1,-1,0,unknown,1
37,services,married,primary,no,52,yes,no,unknown,7,may,359,1,-1,0,unknown,1
40,management,single,tertiary,no,1265,yes,no,unknown,7,may,97,1,-1,0,unknown,1
37,blue-collar,married,primary,no,693,yes,no,unknown,7,may,327,3,-1,0,unknown,1
35,technician,married,secondary,no,118,yes,no,unknown,7,may,236,1,-1,0,unknown,1
49,blue-collar,married,primary,no,3659,yes,no,unknown,7,may,160,1,-1,0,unknown,1
26,blue-collar,single,secondary,no,24,yes,no,unknown,7,may,180,1,-1,0,unknown,1
38,management,single,tertiary,no,673,yes,no,unknown,7,may,184,1,-1,0,unknown,1
52,self-employed,married,secondary,no,273,no,no,unknown,7,may,227,1,-1,0,unknown,1
33,services,divorced,secondary,no,327,yes,no,unknown,7,may,109,1,-1,0,unknown,1
31,admin.,single,secondary,no,299,yes,no,unknown,7,may,492,2,-1,0,unknown,1
32,blue-collar,married,secondary,no,0,yes,no,unknown,7,may,298,1,-1,0,unknown,1
35,blue-collar,single,primary,no,109,yes,no,unknown,7,may,83,2,-1,0,unknown,1
55,management,divorced,tertiary,no,552,no,no,unknown,7,may,241,2,-1,0,unknown,1
32,blue-collar,divorced,primary,no,473,yes,no,unknown,7,may,204,2,-1,0,unknown,1
37,unknown,single,unknown,no,414,yes,no,unknown,7,may,131,1,-1,0,unknown,1
45,blue-collar,married,secondary,no,154,yes,no,unknown,7,may,1138,1,-1,0,unknown,2
31,technician,married,secondary,no,344,yes,no,unknown,7,may,123,1,-1,0,unknown,1
38,admin.,married,secondary,no,8,yes,no,unknown,7,may,125,1,-1,0,unknown,1
37,services,married,secondary,no,78,yes,no,unknown,7,may,295,2,-1,0,unknown,1
38,blue-collar,married,secondary,no,266,yes,no,unknown,7,may,287,1,-1,0,unknown,1
33,housemaid,married,tertiary,no,98,yes,yes,unknown,7,may,109,1,-1,0,unknown,1
38,blue-collar,married,primary,no,83,yes,no,unknown,7,may,140,2,-1,0,unknown,1
37,management,single,tertiary,yes,45,yes,no,unknown,7,may,204,1,-1,0,unknown,1
29,unemployed,married,tertiary,no,8,yes,no,unknown,7,may,233,1,-1,0,unknown,1
42,management,married,tertiary,no,263,yes,no,unknown,7,may,254,1,-1,0,unknown,1
40,blue-collar,married,secondary,no,306,yes,no,unknown,7,may,184,2,-1,0,unknown,1
32,management,married,tertiary,no,233,yes,no,unknown,7,may,193,1,-1,0,unknown,1
47,management,divorced,tertiary,no,447,no,yes,unknown,7,may,126,1,-1,0,unknown,1
29,student,single,secondary,no,872,yes,no,unknown,7,may,230,1,-1,0,unknown,1
53,services,divorced,primary,no,-291,yes,yes,unknown,7,may,591,1,-1,0,unknown,2
31,services,married,tertiary,no,309,yes,yes,unknown,7,may,294,1,-1,0,unknown,1
59,blue-collar,married,secondary,no,202,yes,no,unknown,7,may,173,1,-1,0,unknown,1
29,entrepreneur,married,primary,no,56,yes,yes,unknown,7,may,336,1,-1,0,unknown,1
59,blue-collar,married,primary,no,229,yes,yes,unknown,7,may,19,1,-1,0,unknown,1
44,blue-collar,married,primary,no,143,yes,no,unknown,7,may,153,1,-1,0,unknown,1
38,admin.,single,secondary,no,100,yes,no,unknown,7,may,786,1,-1,0,unknown,2
49,admin.,married,secondary,no,326,yes,no,unknown,7,may,99,2,-1,0,unknown,1
43,blue-collar,married,secondary,no,167,yes,no,unknown,7,may,243,1,-1,0,unknown,1
52,admin.,single,secondary,no,545,yes,no,unknown,7,may,260,1,-1,0,unknown,1
40,admin.,married,secondary,no,2100,yes,yes,unknown,7,may,164,2,-1,0,unknown,1
32,services,married,secondary,no,0,yes,yes,unknown,7,may,255,2,-1,0,unknown,1
47,admin.,married,primary,no,192,yes,no,unknown,7,may,47,1,-1,0,unknown,1
33,management,married,tertiary,no,442,yes,no,unknown,7,may,463,1,-1,0,unknown,1
35,management,married,tertiary,no,267,yes,no,unknown,7,may,192,1,-1,0,unknown,1
27,services,single,secondary,no,0,yes,no,unknown,7,may,388,7,-1,0,unknown,1
50,blue-collar,married,primary,no,377,yes,no,unknown,7,may,221,1,-1,0,unknown,1
44,retired,married,secondary,no,7624,no,no,unknown,7,may,126,5,-1,0,unknown,1
43,self-employed,married,primary,no,66,yes,no,unknown,7,may,175,5,-1,0,unknown,1
51,blue-collar,married,unknown,no,37,yes,no,unknown,7,may,256,6,-1,0,unknown,1
32,admin.,single,secondary,no,64,yes,no,unknown,7,may,202,2,-1,0,unknown,1
47,management,divorced,tertiary,no,34,yes,no,unknown,7,may,104,1,-1,0,unknown,1
34,admin.,divorced,secondary,no,627,yes,no,unknown,7,may,283,2,-1,0,unknown,1
57,self-employed,married,primary,no,1013,yes,no,unknown,7,may,448,1,-1,0,unknown,1
43,admin.,single,secondary,no,140,yes,no,unknown,7,may,127,1,-1,0,unknown,1
40,services,single,tertiary,no,8823,yes,no,unknown,7,may,378,1,-1,0,unknown,1
28,blue-collar,single,secondary,no,97,yes,no,unknown,7,may,67,1,-1,0,unknown,1
38,blue-collar,married,unknown,no,5,yes,no,unknown,7,may,221,2,-1,0,unknown,1
37,unemployed,divorced,secondary,no,74,yes,no,unknown,7,may,150,1,-1,0,unknown,1
44,admin.,married,secondary,no,58544,yes,no,unknown,7,may,144,2,-1,0,unknown,1
41,technician,married,secondary,no,169,yes,no,unknown,7,may,296,2,-1,0,unknown,1
37,self-employed,married,tertiary,no,444,yes,no,unknown,7,may,401,2,-1,0,unknown,1
30,services,single,tertiary,no,542,yes,no,unknown,7,may,435,2,-1,0,unknown,1
32,blue-collar,married,secondary,no,-205,yes,no,unknown,7,may,388,1,-1,0,unknown,1
30,management,single,tertiary,no,112,yes,no,unknown,7,may,245,1,-1,0,unknown,1
35,services,married,secondary,no,39,no,no,unknown,7,may,143,1,-1,0,unknown,1
55,blue-collar,married,secondary,no,1268,yes,no,unknown,7,may,223,2,-1,0,unknown,1
52,blue-collar,married,secondary,no,-98,yes,no,unknown,7,may,423,1,-1,0,unknown,1
33,admin.,married,secondary,no,44,yes,yes,unknown,7,may,231,1,-1,0,unknown,1
55,retired,married,primary,no,-90,yes,yes,unknown,7,may,634,2,-1,0,unknown,1
33,blue-collar,married,secondary,no,0,no,no,unknown,7,may,107,1,-1,0,unknown,1
40,blue-collar,married,secondary,yes,-94,yes,yes,unknown,7,may,227,1,-1,0,unknown,1
39,blue-collar,married,secondary,yes,-345,yes,no,unknown,7,may,69,1,-1,0,unknown,1
54,blue-collar,married,secondary,no,-932,yes,no,unknown,7,may,799,1,-1,0,unknown,1
39,blue-collar,married,primary,no,20,yes,no,unknown,7,may,109,1,-1,0,unknown,1
49,blue-collar,married,secondary,no,90,yes,no,unknown,7,may,127,1,-1,0,unknown,1
52,admin.,married,secondary,no,31,yes,no,unknown,7,may,120,1,-1,0,unknown,1
27,management,single,tertiary,no,134,yes,yes,unknown,7,may,68,3,-1,0,unknown,1
26,services,married,secondary,no,0,yes,no,unknown,7,may,180,2,-1,0,unknown,1
40,blue-collar,married,secondary,no,61,yes,no,unknown,7,may,112,3,-1,0,unknown,1
47,blue-collar,married,secondary,yes,-5,yes,no,unknown,7,may,444,1,-1,0,unknown,1
31,services,single,secondary,no,-45,no,no,unknown,7,may,246,2,-1,0,unknown,1
53,blue-collar,single,secondary,no,156,yes,yes,unknown,7,may,259,4,-1,0,unknown,1
31,services,married,secondary,no,564,yes,no,unknown,7,may,223,3,-1,0,unknown,1
33,admin.,married,secondary,no,-6,yes,no,unknown,7,may,566,2,-1,0,unknown,1
35,services,married,secondary,no,528,no,no,unknown,7,may,274,2,-1,0,unknown,1
46,entrepreneur,married,unknown,no,1481,yes,no,unknown,7,may,49,3,-1,0,unknown,1
31,management,married,secondary,no,2019,no,no,unknown,7,may,380,2,-1,0,unknown,1
35,technician,single,secondary,no,1855,yes,no,unknown,7,may,138,1,-1,0,unknown,1
29,management,married,secondary,no,147,yes,yes,unknown,7,may,376,2,-1,0,unknown,1
51,technician,married,secondary,no,220,yes,no,unknown,7,may,421,2,-1,0,unknown,1
33,blue-collar,married,primary,no,198,yes,no,unknown,7,may,121,2,-1,0,unknown,1
37,management,married,tertiary,no,115,no,no,unknown,7,may,36,1,-1,0,unknown,1
43,admin.,single,unknown,no,87,yes,no,unknown,7,may,328,2,-1,0,unknown,1
42,technician,married,tertiary,no,644,yes,no,unknown,7,may,19,1,-1,0,unknown,1
28,blue-collar,married,secondary,no,225,yes,yes,unknown,7,may,866,2,-1,0,unknown,1
57,retired,married,secondary,no,502,yes,no,unknown,7,may,229,3,-1,0,unknown,1
38,services,married,secondary,no,-32,yes,no,unknown,7,may,154,2,-1,0,unknown,1
39,blue-collar,married,primary,no,106,yes,no,unknown,7,may,56,1,-1,0,unknown,1
36,technician,married,tertiary,no,301,yes,no,unknown,7,may,1581,2,-1,0,unknown,1
57,retired,married,tertiary,no,906,yes,no,unknown,7,may,117,1,-1,0,unknown,1
44,management,married,unknown,no,187,yes,no,unknown,7,may,185,1,-1,0,unknown,1
48,services,divorced,secondary,no,852,yes,yes,unknown,7,may,202,1,-1,0,unknown,1
46,blue-collar,married,primary,no,143,yes,no,unknown,7,may,279,1,-1,0,unknown,1
43,admin.,married,secondary,no,71,no,no,unknown,7,may,180,5,-1,0,unknown,1
49,services,married,secondary,no,1496,yes,no,unknown,7,may,218,4,-1,0,unknown,1
29,services,single,secondary,no,703,yes,no,unknown,7,may,129,5,-1,0,unknown,1
53,blue-collar,married,secondary,no,732,yes,no,unknown,7,may,530,2,-1,0,unknown,1
30,services,single,secondary,no,21,yes,no,unknown,7,may,104,2,-1,0,unknown,1
41,management,divorced,secondary,no,276,yes,no,unknown,7,may,60,1,-1,0,unknown,1
33,technician,married,secondary,no,0,yes,no,unknown,7,may,432,1,-1,0,unknown,1
47,blue-collar,married,primary,no,550,yes,no,unknown,7,may,113,1,-1,0,unknown,1
58,retired,married,secondary,no,268,yes,no,unknown,7,may,516,1,-1,0,unknown,1
31,unemployed,married,secondary,no,-825,yes,no,unknown,7,may,179,2,-1,0,unknown,1
38,admin.,single,secondary,no,137,yes,yes,unknown,7,may,125,2,-1,0,unknown,1
60,retired,married,secondary,no,42,yes,yes,unknown,7,may,386,2,-1,0,unknown,1
33,management,single,tertiary,no,54,no,no,unknown,7,may,262,2,-1,0,unknown,1
33,unemployed,single,tertiary,no,1716,yes,no,unknown,7,may,396,2,-1,0,unknown,1
52,admin.,married,primary,no,270,yes,no,unknown,7,may,294,2,-1,0,unknown,1
42,blue-collar,married,primary,no,803,yes,no,unknown,7,may,171,2,-1,0,unknown,1
30,technician,single,secondary,no,102,yes,no,unknown,7,may,614,2,-1,0,unknown,1
33,entrepreneur,divorced,tertiary,no,188,yes,no,unknown,7,may,118,3,-1,0,unknown,1
46,admin.,divorced,secondary,no,207,yes,no,unknown,7,may,485,4,-1,0,unknown,1
51,blue-collar,married,primary,no,1466,yes,no,unknown,7,may,406,2,-1,0,unknown,1
40,unemployed,single,secondary,no,350,yes,no,unknown,7,may,287,1,-1,0,unknown,1
50,admin.,married,secondary,no,159,yes,no,unknown,7,may,216,2,-1,0,unknown,1
42,entrepreneur,married,tertiary,no,157,yes,yes,unknown,7,may,650,1,-1,0,unknown,1
38,technician,married,secondary,no,0,no,no,unknown,7,may,55,1,-1,0,unknown,1
36,admin.,single,primary,no,91,yes,no,unknown,7,may,371,2,-1,0,unknown,1
37,unemployed,divorced,primary,no,849,yes,no,unknown,7,may,166,1,-1,0,unknown,1
33,management,married,tertiary,no,436,yes,no,unknown,7,may,48,1,-1,0,unknown,1
38,blue-collar,single,secondary,no,-1,yes,no,unknown,7,may,72,1,-1,0,unknown,1
52,blue-collar,married,tertiary,no,297,yes,no,unknown,7,may,55,1,-1,0,unknown,1
29,blue-collar,married,secondary,no,313,yes,yes,unknown,7,may,144,1,-1,0,unknown,1
37,blue-collar,married,primary,no,310,yes,no,unknown,7,may,474,1,-1,0,unknown,1
34,admin.,married,secondary,no,475,yes,no,unknown,7,may,559,1,-1,0,unknown,1
43,blue-collar,married,primary,no,61,yes,no,unknown,7,may,261,1,-1,0,unknown,1
49,services,married,secondary,no,1377,yes,no,unknown,7,may,1101,1,-1,0,unknown,1
33,technician,single,secondary,no,56,no,no,unknown,7,may,236,2,-1,0,unknown,1